[{"model": "sessions.session", "pk": "r8p0pwr4r1nzirflbhx7nclx9ge1fits", "fields": {"session_data": ".eJxVjEEOwiAQRe_C2pBhKlBcuu8ZGhhmpGpoUtqV8e7apAvd_vfef6kxbmsZt8bLOGV1UUadfrcU6cF1B_ke623WNNd1mZLeFX3Qpoc58_N6uH8HJbbyrR0joHSB6CyGje08UY62B9OHICjiGBJ4cOit2JRDQApiASMLIoF6fwDggzfU:1rD1HF:evPv6nxlAEtCOmvdhr3RwsvGHZII_0yrMfVhIyA7c0o", "expire_date": "2023-12-26T11:50:17.529Z"}}, {"model": "sites.site", "pk": 1, "fields": {"domain": "example.com", "name": "example.com"}}, {"model": "sites.site", "pk": 2, "fields": {"domain": "http://localhost:8000", "name": "http://localhost:8000"}}, {"model": "sites.site", "pk": 3, "fields": {"domain": "http://mugisa.tech", "name": "http://mugisa.tech"}}, {"model": "manager.service", "pk": 1, "fields": {"name": "Representation", "name_ar": "Γò¬┬║Γöÿ├ñΓò¬┬¼Γöÿ├áΓò¬┬╜Γöÿ├¿Γöÿ├ñ", "name_fr": "ReprΓö£ΓîÉsentation", "name_de": "Darstellung", "name_en": "Representation", "description": "Representation of selected companies that can satisfy our customer network. Demands such as providing quality products and services at reasonable prices, respecting the rights of customers, prioritizing the positive image of customers and creating the conditions for a successful and pleasant purchase.\r\nBased on the needs of our customers, we find the desired product and then review the facilities of the manufacturers of that product, and finally reach a consultation and cooperation agreement.\r\nOn the other hand, in order to protect the interests of producers, we set up local offices and Showrooms with the approach of creating and developing an effective and successful marketing, sales and distribution network. Using local experts with the aim of managing experienced and local expert manpower to introduce the company and products. Specialized platform, human communication network among top local decision makers, targeted advertising, diversified sales portfolio are some of our successful methods.", "description_ar": "Γò¬┬¼Γöÿ├áΓò¬┬╜Γöÿ├¿Γöÿ├ñ Γò¬┬║Γöÿ├ñΓò¬ΓöñΓò¬ΓûÆΓöÿ├óΓò¬┬║Γò¬┬¼ Γò¬┬║Γöÿ├ñΓöÿ├áΓò¬┬½Γò¬┬¼Γò¬┬║Γò¬ΓûÆΓò¬ΓîÉ Γò¬┬║Γöÿ├ñΓò¬┬¼Γöÿ├¿ Γöÿ├¿Γöÿ├áΓöÿ├óΓöÿ├ÑΓöÿ├ºΓò¬┬║ Γò¬┬¼Γöÿ├ñΓò¬┬┐Γöÿ├¿Γò¬ΓîÉ Γò¬ΓöñΓò¬┬┐Γöÿ├óΓò¬ΓîÉ Γò¬┬║Γöÿ├ñΓò¬ΓòúΓöÿ├áΓöÿ├ñΓò¬┬║Γò¬├¡ Γöÿ├ñΓò¬┬╗Γöÿ├¿Γöÿ├ÑΓò¬┬║.Γöÿ├áΓò¬ΓòûΓò¬┬║Γöÿ├ñΓò¬┬┐ Γöÿ├áΓò¬┬╜Γöÿ├ñ Γò¬┬¼Γöÿ├¬Γöÿ├╝Γöÿ├¿Γò¬ΓûÆ Γöÿ├áΓöÿ├ÑΓò¬┬¼Γò¬┬╝Γò¬┬║Γò¬┬¼ Γöÿ├¬Γò¬┬½Γò¬┬╗Γöÿ├áΓò¬┬║Γò¬┬¼ Γò¬ΓòúΓò¬┬║Γöÿ├ñΓöÿ├¿Γò¬ΓîÉ Γò¬┬║Γöÿ├ñΓò¬┬╝Γöÿ├¬Γò¬┬╗Γò¬ΓîÉ Γò¬┬┐Γò¬├║Γò¬ΓöéΓò¬ΓòúΓò¬┬║Γò¬ΓûÆ Γöÿ├áΓò¬ΓòúΓöÿ├⌐Γöÿ├¬Γöÿ├ñΓò¬ΓîÉ Γò¬├« Γöÿ├╝Γöÿ├¿Γöÿ├áΓò¬┬║ Γöÿ├¿Γò¬┬¼Γò¬ΓòúΓöÿ├ñΓöÿ├⌐ Γò¬┬┐Γò¬┬íΓöÿ├⌐Γöÿ├¬Γöÿ├⌐ Γò¬┬║Γöÿ├ñΓò¬ΓòúΓöÿ├áΓöÿ├ñΓò¬┬║Γò¬├¡ Γò¬├« Γöÿ├¬Γò¬┬¼Γò¬┬íΓò¬┬╗Γöÿ├¿Γò¬┬╗ Γò¬├║Γöÿ├¬Γöÿ├ñΓöÿ├¬Γöÿ├¿Γò¬┬║Γò¬┬¼ Γò¬┬║Γöÿ├ñΓò¬ΓòíΓöÿ├¬Γò¬ΓûÆΓò¬ΓîÉ Γò¬┬║Γöÿ├ñΓò¬├æΓöÿ├¿Γò¬┬╝Γò¬┬║Γò¬┬┐Γöÿ├¿Γò¬ΓîÉ Γöÿ├ñΓöÿ├ñΓò¬ΓòúΓöÿ├áΓöÿ├ñΓò¬┬║Γò¬├¡ Γöÿ├¬Γò¬┬½Γöÿ├ñΓöÿ├⌐ Γò¬┬║Γöÿ├ñΓò¬ΓòòΓò¬ΓûÆΓöÿ├¬Γöÿ├╝ Γöÿ├ñΓò¬ΓöñΓò¬ΓûÆΓò¬┬║Γò¬├¡ Γöÿ├ÑΓò¬┬║Γò¬┬╝Γò¬┬í Γöÿ├¬Γöÿ├áΓöÿ├áΓò¬┬¼Γò¬Γòú.\r\nΓò¬┬║Γò¬ΓöéΓò¬┬¼Γöÿ├ÑΓò¬┬║Γò¬┬╗Γöÿ├»Γò¬┬║ Γò¬├æΓöÿ├ñΓöÿ├½ Γò¬┬║Γò¬┬íΓò¬┬¼Γöÿ├¿Γò¬┬║Γò¬┬╝Γò¬┬║Γò¬┬¼ Γò¬ΓòúΓöÿ├áΓöÿ├ñΓò¬┬║Γò¬┬¬Γöÿ├ÑΓò¬┬║ Γò¬├« Γöÿ├ÑΓò¬┬╝Γò¬┬╗ Γò¬┬║Γöÿ├ñΓöÿ├áΓöÿ├ÑΓò¬┬¼Γò¬┬╝ Γò¬┬║Γöÿ├ñΓöÿ├áΓò¬ΓòûΓöÿ├ñΓöÿ├¬Γò¬┬┐ Γò¬┬╜Γöÿ├á Γöÿ├áΓò¬ΓûÆΓò¬┬║Γò¬┬╝Γò¬ΓòúΓò¬ΓîÉ Γöÿ├áΓò¬ΓûÆΓò¬┬║Γöÿ├╝Γöÿ├⌐ Γò¬┬║Γöÿ├ñΓò¬ΓöñΓò¬ΓûÆΓöÿ├óΓò¬┬║Γò¬┬¼ Γò¬┬║Γöÿ├ñΓöÿ├áΓò¬ΓòíΓöÿ├ÑΓò¬ΓòúΓò¬ΓîÉ Γöÿ├ñΓöÿ├ºΓò¬ΓûæΓò¬┬║ Γò¬┬║Γöÿ├ñΓöÿ├áΓöÿ├ÑΓò¬┬¼Γò¬┬╝ Γò¬├« Γöÿ├¬Γò¬├║Γò¬┬½Γöÿ├¿Γò¬ΓûÆΓò¬┬║Γöÿ├» Γöÿ├ÑΓò¬┬¼Γöÿ├¬Γò¬ΓòíΓöÿ├ñ Γò¬├æΓöÿ├ñΓöÿ├½ Γò¬┬║Γò¬┬¼Γöÿ├╝Γò¬┬║Γöÿ├⌐Γöÿ├¿Γò¬ΓîÉ Γò¬┬║Γöÿ├ñΓò¬┬¼Γò¬ΓöñΓò¬┬║Γöÿ├¬Γò¬ΓûÆ Γöÿ├¬Γò¬┬║Γöÿ├ñΓò¬┬¼Γò¬ΓòúΓò¬┬║Γöÿ├¬Γöÿ├Ñ.\r\nΓöÿ├áΓöÿ├Ñ Γöÿ├ÑΓò¬┬║Γò¬┬íΓöÿ├¿Γò¬ΓîÉ Γò¬├║Γò¬┬½Γò¬ΓûÆΓöÿ├½ Γò¬├« Γöÿ├áΓöÿ├Ñ Γò¬├║Γò¬┬╝Γöÿ├ñ Γò¬┬íΓöÿ├áΓò¬┬║Γöÿ├¿Γò¬ΓîÉ Γöÿ├áΓò¬ΓòíΓò¬┬║Γöÿ├ñΓò¬┬í Γò¬┬║Γöÿ├ñΓöÿ├áΓöÿ├ÑΓò¬┬¼Γò¬┬╝Γöÿ├¿Γöÿ├Ñ Γò¬├« Γò¬├║Γöÿ├ÑΓò¬ΓöñΓò¬├║Γöÿ├ÑΓò¬┬║ Γò¬┬║Γöÿ├ñΓöÿ├áΓöÿ├óΓò¬┬║Γò¬┬¼Γò¬┬┐ Γò¬┬║Γöÿ├ñΓöÿ├áΓò¬┬íΓöÿ├ñΓöÿ├¿Γò¬ΓîÉ Γöÿ├¬Γöÿ├⌐Γò¬┬║Γò¬ΓòúΓò¬┬║Γò¬┬¼ Γò¬┬║Γöÿ├ñΓò¬ΓòúΓò¬ΓûÆΓò¬Γòó Γöÿ├áΓò¬Γòú Γöÿ├ÑΓöÿ├ºΓò¬┬╝ Γò¬├æΓöÿ├ÑΓò¬ΓöñΓò¬┬║Γò¬├¡ Γöÿ├¬Γò¬┬¼Γò¬ΓòûΓöÿ├¬Γöÿ├¿Γò¬ΓûÆ Γò¬ΓöñΓò¬┬┐Γöÿ├óΓò¬ΓîÉ Γò¬┬¼Γò¬ΓöéΓöÿ├¬Γöÿ├¿Γöÿ├⌐ Γöÿ├¬Γöÿ├áΓò¬┬┐Γöÿ├¿Γò¬ΓòúΓò¬┬║Γò¬┬¼ Γöÿ├¬Γò¬┬¼Γöÿ├¬Γò¬ΓûôΓöÿ├¿Γò¬Γòú Γöÿ├╝Γò¬ΓòúΓò¬┬║Γöÿ├ñΓò¬ΓîÉ Γöÿ├¬Γöÿ├ÑΓò¬┬║Γò¬┬╝Γò¬┬íΓò¬ΓîÉ.Γò¬┬║Γò¬ΓöéΓò¬┬¼Γò¬┬½Γò¬┬╗Γò¬┬║Γöÿ├á Γò¬┬║Γöÿ├ñΓò¬┬½Γò¬┬┐Γò¬ΓûÆΓò¬┬║Γò¬├¡ Γò¬┬║Γöÿ├ñΓöÿ├áΓò¬┬íΓöÿ├ñΓöÿ├¿Γöÿ├¿Γöÿ├Ñ Γò¬┬┐Γöÿ├ºΓò¬┬╗Γöÿ├╝ Γò¬├æΓò¬┬╗Γò¬┬║Γò¬ΓûÆΓò¬ΓîÉ Γò¬┬║Γöÿ├ñΓöÿ├⌐Γöÿ├¬Γöÿ├½ Γò¬┬║Γöÿ├ñΓò¬ΓòúΓò¬┬║Γöÿ├áΓöÿ├ñΓò¬ΓîÉ Γò¬┬║Γöÿ├ñΓò¬┬½Γò¬┬┐Γò¬ΓûÆΓò¬┬║Γò¬├¡ Γò¬ΓûæΓò¬┬║Γò¬┬¼ Γò¬┬║Γöÿ├ñΓò¬┬½Γò¬┬┐Γò¬ΓûÆΓò¬ΓîÉ Γò¬┬║Γöÿ├ñΓöÿ├áΓò¬┬íΓöÿ├ñΓöÿ├¿Γò¬ΓîÉ Γöÿ├¬Γò¬┬║Γöÿ├ñΓöÿ├áΓò¬┬íΓöÿ├ñΓöÿ├¿Γò¬ΓîÉ Γöÿ├ñΓò¬┬¼Γöÿ├⌐Γò¬┬╗Γöÿ├¿Γöÿ├á Γò¬┬║Γöÿ├ñΓò¬ΓöñΓò¬ΓûÆΓöÿ├óΓò¬ΓîÉ Γöÿ├¬Γò¬┬║Γöÿ├ñΓöÿ├áΓöÿ├ÑΓò¬┬¼Γò¬┬╝Γò¬┬║Γò¬┬¼.Γöÿ├áΓöÿ├ÑΓò¬ΓòíΓò¬ΓîÉ Γöÿ├áΓò¬┬¼Γò¬┬½Γò¬ΓòíΓò¬ΓòíΓò¬ΓîÉ Γò¬├« Γò¬ΓöñΓò¬┬┐Γöÿ├óΓò¬ΓîÉ Γò¬┬║Γöÿ├ñΓò¬┬║Γò¬┬¼Γò¬ΓòíΓò¬┬║Γöÿ├ñΓò¬┬║Γò¬┬¼ Γò¬┬║Γöÿ├ñΓò¬┬┐Γò¬ΓöñΓò¬ΓûÆΓöÿ├¿Γò¬ΓîÉ Γò¬┬┐Γöÿ├¿Γöÿ├Ñ Γò¬├║Γöÿ├╝Γò¬ΓòóΓöÿ├ñ Γò¬ΓòíΓò¬┬║Γöÿ├ÑΓò¬ΓòúΓöÿ├¿ Γò¬┬║Γöÿ├ñΓöÿ├⌐Γò¬ΓûÆΓò¬┬║Γò¬ΓûÆ Γò¬┬║Γöÿ├ñΓöÿ├áΓò¬┬íΓöÿ├ñΓöÿ├¿Γöÿ├¿Γöÿ├Ñ Γò¬├« Γò¬┬║Γöÿ├ñΓò¬├æΓò¬ΓòúΓöÿ├ñΓò¬┬║Γöÿ├ÑΓò¬┬║Γò¬┬¼ Γò¬┬║Γöÿ├ñΓöÿ├áΓò¬ΓöéΓò¬┬¼Γöÿ├ºΓò¬┬╗Γöÿ├╝Γò¬ΓîÉ Γò¬├« Γöÿ├áΓò¬┬íΓöÿ├╝Γò¬ΓòòΓò¬ΓîÉ Γò¬┬║Γöÿ├ñΓöÿ├áΓò¬┬┐Γöÿ├¿Γò¬ΓòúΓò¬┬║Γò¬┬¼ Γò¬┬║Γöÿ├ñΓöÿ├áΓò¬┬¼Γöÿ├ÑΓöÿ├¬Γò¬ΓòúΓò¬ΓîÉ Γöÿ├ºΓöÿ├¿ Γò¬┬┐Γò¬ΓòúΓò¬Γòó Γò¬├║Γò¬ΓöéΓò¬┬║Γöÿ├ñΓöÿ├¿Γò¬┬┐Γöÿ├ÑΓò¬┬║ Γò¬┬║Γöÿ├ñΓöÿ├ÑΓò¬┬║Γò¬┬╝Γò¬┬íΓò¬ΓîÉ.", "description_fr": "ReprΓö£ΓîÉsentation de sociΓö£ΓîÉtΓö£ΓîÉs sΓö£ΓîÉlectionnΓö£ΓîÉes qui peuvent satisfaire notre rΓö£ΓîÉseau client.Des demandes telles que la fourniture de produits et services de qualitΓö£ΓîÉ Γö£├í des prix raisonnables, de respect des droits des clients, de prioriser l'image positive des clients et de crΓö£ΓîÉer les conditions d'un achat rΓö£ΓîÉussi et agrΓö£ΓîÉable.\r\nSur la base des besoins de nos clients, nous trouvons le produit souhaitΓö£ΓîÉ, puis examinons les installations des fabricants de ce produit, et nous parvenons enfin Γö£├í un accord de consultation et de coopΓö£ΓîÉration.\r\nD'un autre cΓö£ΓöñtΓö£ΓîÉ, afin de protΓö£ΓîÉger les intΓö£ΓîÉrΓö£┬¼ts des producteurs, nous avons mis en place des bureaux et des salles d'exposition locaux avec l'approche de la crΓö£ΓîÉation et du dΓö£ΓîÉveloppement d'un rΓö£ΓîÉseau de marketing, de vente et de distribution efficace et rΓö£ΓîÉussi.Utiliser des experts locaux dans le but de gΓö£ΓîÉrer la main-d'Γö╝├┤uvre des experts expΓö£ΓîÉrimentΓö£ΓîÉs et locaux pour prΓö£ΓîÉsenter l'entreprise et les produits.Plateforme spΓö£ΓîÉcialisΓö£ΓîÉe, rΓö£ΓîÉseau de communication humaine parmi les meilleurs dΓö£ΓîÉcideurs locaux, la publicitΓö£ΓîÉ ciblΓö£ΓîÉe, le portefeuille de ventes diversifiΓö£ΓîÉ sont quelques-unes de nos mΓö£ΓîÉthodes rΓö£ΓîÉussies.", "description_de": "Darstellung ausgewΓö£├▒hlter Unternehmen, die unser Kundennetzwerk erfΓö£Γò¥llen kΓö£Γòónnen.Anforderungen wie die Bereitstellung hochwertiger Produkte und Dienstleistungen zu angemessenen Preisen, das Achtung der Rechte der Kunden, die Priorisierung des positiven Images der Kunden und die Schaffung der Bedingungen fΓö£Γò¥r einen erfolgreichen und angenehmen Kauf.\r\nBasierend auf den BedΓö£Γò¥rfnissen unserer Kunden finden wir das gewΓö£Γò¥nschte Produkt und Γö£Γò¥berprΓö£Γò¥fen dann die Einrichtungen der Hersteller dieses Produkts und erreichen schlieΓö£╞Ælich einen Konsultations- und Kooperationsvertrag.\r\nAndererseits richten wir lokale BΓö£Γò¥ros und AusstellungsrΓö£├▒ume mit dem Ansatz der Erstellung und Entwicklung eines effektiven und erfolgreichen Marketing-, Vertriebs- und Vertriebsnetzes ein, um die Interessen der Hersteller zu schΓö£Γò¥tzen.Nutzung lokaler Experten mit dem Ziel, erfahrene und lokale Experten zu verwalten, um das Unternehmen und die Produkte vorzustellen.Spezialisierte Plattform, Human Communication Network unter den besten lokalen EntscheidungstrΓö£├▒gern, gezielte Werbung, diversifiziertes Verkaufsportfolio sind einige unserer erfolgreichen Methoden.", "description_en": "Representation of selected companies that can satisfy our customer network. Demands such as providing quality products and services at reasonable prices, respecting the rights of customers, prioritizing the positive image of customers and creating the conditions for a successful and pleasant purchase.\r\nBased on the needs of our customers, we find the desired product and then review the facilities of the manufacturers of that product, and finally reach a consultation and cooperation agreement.\r\nOn the other hand, in order to protect the interests of producers, we set up local offices and Showrooms with the approach of creating and developing an effective and successful marketing, sales and distribution network. Using local experts with the aim of managing experienced and local expert manpower to introduce the company and products. Specialized platform, human communication network among top local decision makers, targeted advertising, diversified sales portfolio are some of our successful methods.", "slug": "representation-861b481f-24fc-4330-950b-37a8cd61b03", "created_on": "2022-09-07"}}, {"model": "manager.service", "pk": 2, "fields": {"name": "Supply chain", "name_ar": "Γò¬┬║Γöÿ├ñΓöÿ├áΓöÿ├¬Γò¬ΓûÆΓò¬┬╗Γöÿ├¿Γöÿ├Ñ", "name_fr": "ChaΓö£┬½ne d'approvisionnement", "name_de": "Lieferkette", "name_en": "Supply chain", "description": "To achieve a successful trading system, we achieve two items\r\n1- Stable and profitable sales for companies\r\n2- Successful and satisfactory purchase for our customers\r\n To accomplish these items, we have done the following\r\n    1- Use the network of local marketers to identify customer needs\r\n    2- Establish a marketing council to learn how to ensure customer satisfaction\r\n    3- Search among manufacturers to find the requested product and service\r\n    4- Contract with manufacturers who offer not only the product but also the experience of a successful purchase to the customer\r\n    5- Establishing close and continuous cooperation relationship with reputable international freight companies\r\n    6- Creating a dedicated trade line with companies providing customs services\r\nAll of this takes place in the form of a system of continuous learning and development", "description_ar": "Γöÿ├ñΓò¬┬¼Γò¬┬íΓöÿ├⌐Γöÿ├¿Γöÿ├⌐ Γöÿ├ÑΓò¬ΓòòΓò¬┬║Γöÿ├á Γò¬┬¼Γò¬┬╝Γò¬┬║Γò¬ΓûÆΓöÿ├¿ Γöÿ├ÑΓò¬┬║Γò¬┬╝Γò¬┬í Γò¬├« Γöÿ├ÑΓò¬┬íΓöÿ├⌐Γöÿ├⌐ Γò¬ΓòúΓöÿ├ÑΓò¬ΓòíΓò¬ΓûÆΓöÿ├¿Γöÿ├Ñ\r\n1- Γöÿ├áΓò¬┬┐Γöÿ├¿Γò¬ΓòúΓò¬┬║Γò¬┬¼ Γöÿ├áΓò¬ΓöéΓò¬┬¼Γöÿ├⌐Γò¬ΓûÆΓò¬ΓîÉ Γöÿ├¬Γöÿ├áΓò¬ΓûÆΓò¬┬┐Γò¬┬íΓò¬ΓîÉ Γöÿ├ñΓöÿ├ñΓò¬ΓöñΓò¬ΓûÆΓöÿ├óΓò¬┬║Γò¬┬¼\r\n2- Γò¬ΓöñΓò¬ΓûÆΓò¬┬║Γò¬├¡ Γöÿ├ÑΓò¬┬║Γò¬┬╝Γò¬┬í Γöÿ├¬Γöÿ├áΓò¬ΓûÆΓò¬ΓòóΓöÿ├¿ Γöÿ├ñΓò¬ΓòúΓöÿ├áΓöÿ├ñΓò¬┬║Γò¬┬¬Γöÿ├ÑΓò¬┬║\r\n Γöÿ├ñΓò¬├æΓöÿ├ÑΓò¬┬╝Γò¬┬║Γò¬Γûô Γöÿ├ºΓò¬ΓûæΓöÿ├º Γò¬┬║Γöÿ├ñΓò¬ΓòúΓöÿ├ÑΓò¬┬║Γò¬ΓòíΓò¬ΓûÆ Γò¬├« Γöÿ├⌐Γöÿ├áΓöÿ├ÑΓò¬┬║ Γò¬┬┐Γöÿ├áΓò¬┬║ Γöÿ├¿Γöÿ├ñΓöÿ├¿\r\n    1- Γò¬┬║Γò¬ΓöéΓò¬┬¼Γò¬┬½Γò¬┬╗Γöÿ├á Γò¬ΓöñΓò¬┬┐Γöÿ├óΓò¬ΓîÉ Γò¬┬║Γöÿ├ñΓöÿ├áΓò¬ΓöéΓöÿ├¬Γöÿ├⌐Γöÿ├¿Γöÿ├Ñ Γò¬┬║Γöÿ├ñΓöÿ├áΓò¬┬íΓöÿ├ñΓöÿ├¿Γöÿ├¿Γöÿ├Ñ Γöÿ├ñΓò¬┬¼Γò¬┬íΓò¬┬╗Γöÿ├¿Γò¬┬╗ Γò¬┬║Γò¬┬íΓò¬┬¼Γöÿ├¿Γò¬┬║Γò¬┬╝Γò¬┬║Γò¬┬¼ Γò¬┬║Γöÿ├ñΓò¬ΓòúΓöÿ├áΓöÿ├ñΓò¬┬║Γò¬├¡\r\n    2- Γò¬├æΓöÿ├ÑΓò¬ΓöñΓò¬┬║Γò¬├¡ Γöÿ├áΓò¬┬╝Γöÿ├ñΓò¬Γöé Γò¬┬¼Γò¬ΓöéΓöÿ├¬Γöÿ├¿Γöÿ├⌐ Γöÿ├ñΓò¬┬¼Γò¬ΓòúΓöÿ├ñΓöÿ├á Γöÿ├óΓöÿ├¿Γöÿ├╝Γöÿ├¿Γò¬ΓîÉ Γò¬ΓòóΓöÿ├áΓò¬┬║Γöÿ├Ñ Γò¬ΓûÆΓò¬ΓòóΓò¬┬║ Γò¬┬║Γöÿ├ñΓò¬ΓòúΓöÿ├áΓöÿ├ñΓò¬┬║Γò¬├¡\r\n    3- Γò¬┬║Γò¬┬┐Γò¬┬íΓò¬┬╜ Γò¬┬┐Γöÿ├¿Γöÿ├Ñ Γò¬┬║Γöÿ├ñΓò¬ΓöñΓò¬ΓûÆΓöÿ├óΓò¬┬║Γò¬┬¼ Γò¬┬║Γöÿ├ñΓöÿ├áΓò¬ΓòíΓöÿ├ÑΓò¬ΓòúΓò¬ΓîÉ Γöÿ├ñΓöÿ├ñΓò¬ΓòúΓò¬┬╜Γöÿ├¬Γò¬ΓûÆ Γò¬ΓòúΓöÿ├ñΓöÿ├½ Γò¬┬║Γöÿ├ñΓöÿ├áΓöÿ├ÑΓò¬┬¼Γò¬┬╝ Γöÿ├¬Γò¬┬║Γöÿ├ñΓò¬┬½Γò¬┬╗Γöÿ├áΓò¬ΓîÉ Γò¬┬║Γöÿ├ñΓöÿ├áΓò¬ΓòûΓöÿ├ñΓöÿ├¬Γò¬┬┐Γò¬ΓîÉ\r\n    4- Γò¬ΓòúΓöÿ├⌐Γò¬┬╗ Γöÿ├áΓò¬Γòú Γò¬┬║Γöÿ├ñΓò¬ΓöñΓò¬ΓûÆΓöÿ├óΓò¬┬║Γò¬┬¼ Γò¬┬║Γöÿ├ñΓöÿ├áΓò¬ΓòíΓöÿ├ÑΓò¬ΓòúΓò¬ΓîÉ Γò¬┬║Γöÿ├ñΓò¬ΓûæΓöÿ├¿Γöÿ├Ñ Γöÿ├¿Γöÿ├⌐Γò¬┬╗Γöÿ├áΓöÿ├¬Γöÿ├Ñ Γöÿ├ñΓöÿ├¿Γò¬Γöé Γöÿ├╝Γöÿ├⌐Γò¬Γòû Γò¬┬║Γöÿ├ñΓöÿ├áΓöÿ├ÑΓò¬┬¼Γò¬┬╝ Γöÿ├¬Γöÿ├ñΓöÿ├óΓöÿ├Ñ Γò¬├║Γöÿ├¿Γò¬ΓòóΓöÿ├»Γò¬┬║ Γò¬┬¼Γò¬┬╝Γò¬ΓûÆΓò¬┬┐Γò¬ΓîÉ Γò¬ΓòúΓöÿ├áΓöÿ├ñΓöÿ├¿Γò¬ΓîÉ Γò¬ΓöñΓò¬ΓûÆΓò¬┬║Γò¬├¡ Γöÿ├ÑΓò¬┬║Γò¬┬╝Γò¬┬íΓò¬ΓîÉ Γöÿ├ñΓöÿ├ñΓò¬ΓòúΓöÿ├áΓöÿ├¿Γöÿ├ñ\r\n    5- Γò¬├æΓöÿ├ÑΓò¬ΓöñΓò¬┬║Γò¬├¡ Γò¬ΓòúΓöÿ├ñΓò¬┬║Γöÿ├⌐Γò¬ΓîÉ Γò¬┬¼Γò¬ΓòúΓò¬┬║Γöÿ├¬Γöÿ├Ñ Γöÿ├¬Γò¬┬╜Γöÿ├¿Γöÿ├⌐Γò¬ΓîÉ Γöÿ├¬Γöÿ├áΓò¬ΓöéΓò¬┬¼Γöÿ├áΓò¬ΓûÆΓò¬ΓîÉ Γöÿ├áΓò¬Γòú Γò¬ΓöñΓò¬ΓûÆΓöÿ├óΓò¬┬║Γò¬┬¼ Γò¬┬║Γöÿ├ñΓò¬ΓöñΓò¬┬íΓöÿ├Ñ Γò¬┬║Γöÿ├ñΓò¬┬╗Γöÿ├¬Γöÿ├ñΓöÿ├¿Γò¬ΓîÉ Γò¬ΓûæΓò¬┬║Γò¬┬¼ Γò¬┬║Γöÿ├ñΓò¬ΓöéΓöÿ├áΓò¬ΓòúΓò¬ΓîÉ Γò¬┬║Γöÿ├ñΓò¬ΓòûΓöÿ├¿Γò¬┬┐Γò¬ΓîÉ\r\n    6- Γò¬├æΓöÿ├ÑΓò¬ΓöñΓò¬┬║Γò¬├¡ Γò¬┬½Γò¬Γòû Γò¬┬¼Γò¬┬╝Γò¬┬║Γò¬ΓûÆΓöÿ├¿ Γöÿ├áΓò¬┬½Γò¬ΓòíΓò¬Γòí Γöÿ├áΓò¬Γòú Γò¬┬║Γöÿ├ñΓò¬ΓöñΓò¬ΓûÆΓöÿ├óΓò¬┬║Γò¬┬¼ Γò¬┬║Γöÿ├ñΓò¬┬¼Γöÿ├¿ Γò¬┬¼Γöÿ├⌐Γò¬┬╗Γöÿ├á Γò¬┬║Γöÿ├ñΓò¬┬½Γò¬┬╗Γöÿ├áΓò¬┬║Γò¬┬¼ Γò¬┬║Γöÿ├ñΓò¬┬╝Γöÿ├áΓò¬ΓûÆΓöÿ├óΓöÿ├¿Γò¬ΓîÉ\r\nΓöÿ├óΓöÿ├ñ Γöÿ├ºΓò¬ΓûæΓò¬┬║ Γöÿ├¿Γò¬┬íΓò¬┬╗Γò¬┬╜ Γöÿ├╝Γöÿ├¿ Γò¬ΓöñΓöÿ├óΓöÿ├ñ Γöÿ├ÑΓò¬ΓòòΓò¬┬║Γöÿ├á Γöÿ├áΓöÿ├Ñ Γò¬┬║Γöÿ├ñΓò¬┬¼Γò¬ΓòúΓöÿ├ñΓöÿ├á Γöÿ├¬Γò¬┬║Γöÿ├ñΓò¬┬¼Γò¬ΓòûΓöÿ├¬Γöÿ├¿Γò¬ΓûÆ Γò¬┬║Γöÿ├ñΓöÿ├áΓò¬ΓöéΓò¬┬¼Γöÿ├áΓò¬ΓûÆ", "description_fr": "Pour obtenir un systΓö£┬┐me de trading rΓö£ΓîÉussi, nous rΓö£ΓîÉalisons deux Γö£ΓîÉlΓö£ΓîÉments\r\n1- Ventes stables et rentables pour les entreprises\r\n2- Achat rΓö£ΓîÉussi et satisfaisant pour nos clients\r\n Pour accomplir ces Γö£ΓîÉlΓö£ΓîÉments, nous avons fait ce qui suit\r\n    1- Utilisez le rΓö£ΓîÉseau de spΓö£ΓîÉcialistes du marketing local pour identifier les besoins des clients\r\n    2- Γö£├½tablissez un conseil de marketing pour apprendre Γö£├í assurer la satisfaction du client\r\n    3- Recherche entre les fabricants pour trouver le produit et le service demandΓö£ΓîÉ\r\n    4- Contractez avec les fabricants qui offrent non seulement le produit mais aussi l'expΓö£ΓîÉrience d'un achat rΓö£ΓîÉussi au client\r\n    5- Γö£├½tablir une relation de coopΓö£ΓîÉration Γö£ΓîÉtroite et continue avec les entreprises de fret internationales rΓö£ΓîÉputΓö£ΓîÉes\r\n    6- CrΓö£ΓîÉation d'une ligne commerciale dΓö£ΓîÉdiΓö£ΓîÉe avec des entreprises fournissant des services de douane\r\nTout cela a lieu sous la forme d'un systΓö£┬┐me d'apprentissage et de dΓö£ΓîÉveloppement continu", "description_de": "Um ein erfolgreiches Handelssystem zu erreichen, erreichen wir zwei Elemente\r\n1-stabile und profitable Umsatz fΓö£Γò¥r Unternehmen\r\n2- erfolgreicher und zufriedenstellender Kauf fΓö£Γò¥r unsere Kunden\r\n Um diese Artikel zu erreichen, haben wir Folgendes getan\r\n    1- Verwenden Sie das Netzwerk lokaler Vermarkter, um die KundenbedΓö£Γò¥rfnisse zu identifizieren\r\n    2- Erstellen Sie einen Marketingrat, um zu erfahren, wie Sie die Kundenzufriedenheit sicherstellen kΓö£Γòónnen\r\n    3- Suchen Sie unter den Herstellern, um das angeforderte Produkt und die angeforderte Dienstleistung zu finden\r\n    4- Vertrag mit Herstellern, die nicht nur das Produkt anbieten, sondern auch die Erfahrung eines erfolgreichen Kaufs dem Kunden\r\n    5- Zusammenarbeit mit angesehenen internationalen Frachtunternehmen ein enger und kontinuierlicher Zusammenarbeit hergestellt\r\n    6- Erstellen einer speziellen Handelslinie mit Unternehmen, die Zolldienste anbieten\r\nAll dies findet in Form eines Systems des kontinuierlichen Lernens und der Entwicklung statt", "description_en": "To achieve a successful trading system, we achieve two items\r\n1- Stable and profitable sales for companies\r\n2- Successful and satisfactory purchase for our customers\r\n To accomplish these items, we have done the following\r\n    1- Use the network of local marketers to identify customer needs\r\n    2- Establish a marketing council to learn how to ensure customer satisfaction\r\n    3- Search among manufacturers to find the requested product and service\r\n    4- Contract with manufacturers who offer not only the product but also the experience of a successful purchase to the customer\r\n    5- Establishing close and continuous cooperation relationship with reputable international freight companies\r\n    6- Creating a dedicated trade line with companies providing customs services\r\nAll of this takes place in the form of a system of continuous learning and development", "slug": "supply-chain-5712dd5f-b450-4099-8611-6a1c78b9b4e7", "created_on": "2022-09-07"}}, {"model": "manager.service", "pk": 3, "fields": {"name": "Indegenous marketing", "name_ar": "Γò¬┬║Γöÿ├ñΓò¬┬¼Γò¬ΓöéΓöÿ├¬Γöÿ├¿Γöÿ├⌐ Γò¬┬║Γöÿ├ñΓò¬├║Γò¬ΓòíΓöÿ├ñΓöÿ├¿", "name_fr": "Marketing autochtone", "name_de": "Indigenes Marketing", "name_en": "Indegenous marketing", "description": "Sustainable Sale System S.S.S (Indigenous Sales Council aims to influence indigenous decision makers) \r\nStrategy: Creating local offices with the approach of creating and developing a marketing, sales and distribution network\r\nMethod: Using the local sales council with the aim of managing experienced and local specialized human resources to introduce the company and products\r\nKey tools: specialized platform, human communication network among top local decision makers, targeted advertising, sales portfolio", "description_ar": "Γöÿ├ÑΓò¬ΓòòΓò¬┬║Γöÿ├á Γò¬┬║Γöÿ├ñΓò¬┬┐Γöÿ├¿Γò¬Γòú Γò¬┬║Γöÿ├ñΓöÿ├áΓò¬ΓöéΓò¬┬¼Γò¬┬╗Γò¬┬║Γöÿ├á S.S.S (Γöÿ├¿Γöÿ├ºΓò¬┬╗Γöÿ├╝ Γöÿ├áΓò¬┬╝Γöÿ├ñΓò¬Γöé Γöÿ├áΓò¬┬┐Γöÿ├¿Γò¬ΓòúΓò¬┬║Γò¬┬¼ Γò¬┬║Γöÿ├ñΓò¬ΓöéΓöÿ├óΓò¬┬║Γöÿ├Ñ Γò¬┬║Γöÿ├ñΓò¬├║Γò¬ΓòíΓöÿ├ñΓöÿ├¿Γöÿ├¿Γöÿ├Ñ Γò¬├æΓöÿ├ñΓöÿ├½ Γò¬┬║Γöÿ├ñΓò¬┬¼Γò¬├║Γò¬┬╜Γöÿ├¿Γò¬ΓûÆ\r\nΓò¬┬║Γöÿ├ñΓò¬├æΓò¬ΓöéΓò¬┬¼Γò¬ΓûÆΓò¬┬║Γò¬┬¼Γöÿ├¿Γò¬┬╝Γöÿ├¿Γò¬ΓîÉ: Γò¬├æΓöÿ├ÑΓò¬ΓöñΓò¬┬║Γò¬├¡ Γöÿ├áΓöÿ├óΓò¬┬║Γò¬┬¼Γò¬┬┐ Γöÿ├áΓò¬┬íΓöÿ├ñΓöÿ├¿Γò¬ΓîÉ Γöÿ├áΓò¬Γòú Γöÿ├ÑΓöÿ├ºΓò¬┬╝ Γò¬├æΓöÿ├ÑΓò¬ΓöñΓò¬┬║Γò¬├¡ Γöÿ├¬Γò¬┬¼Γò¬ΓòûΓöÿ├¬Γöÿ├¿Γò¬ΓûÆ Γò¬ΓöñΓò¬┬┐Γöÿ├óΓò¬ΓîÉ Γò¬┬║Γöÿ├ñΓò¬┬¼Γò¬ΓöéΓöÿ├¬Γöÿ├¿Γöÿ├⌐ Γöÿ├¬Γò¬┬║Γöÿ├ñΓöÿ├áΓò¬┬┐Γöÿ├¿Γò¬ΓòúΓò¬┬║Γò¬┬¼ Γöÿ├¬Γò¬┬║Γöÿ├ñΓò¬┬¼Γöÿ├¬Γò¬ΓûôΓöÿ├¿Γò¬Γòú\r\nΓò¬┬║Γöÿ├ñΓò¬ΓòûΓò¬ΓûÆΓöÿ├¿Γöÿ├⌐Γò¬ΓîÉ: Γò¬┬║Γò¬ΓöéΓò¬┬¼Γò¬┬½Γò¬┬╗Γò¬┬║Γöÿ├á Γöÿ├áΓò¬┬╝Γöÿ├ñΓò¬Γöé Γò¬┬║Γöÿ├ñΓöÿ├áΓò¬┬┐Γöÿ├¿Γò¬ΓòúΓò¬┬║Γò¬┬¼ Γò¬┬║Γöÿ├ñΓöÿ├áΓò¬┬íΓöÿ├ñΓöÿ├¿ Γò¬┬┐Γöÿ├ºΓò¬┬╗Γöÿ├╝ Γò¬├æΓò¬┬╗Γò¬┬║Γò¬ΓûÆΓò¬ΓîÉ Γò¬┬║Γöÿ├ñΓöÿ├áΓöÿ├¬Γò¬┬║Γò¬ΓûÆΓò¬┬╗ Γò¬┬║Γöÿ├ñΓò¬┬┐Γò¬ΓöñΓò¬ΓûÆΓöÿ├¿Γò¬ΓîÉ Γò¬┬║Γöÿ├ñΓöÿ├áΓò¬┬¼Γò¬┬½Γò¬ΓòíΓò¬ΓòíΓò¬ΓîÉ Γò¬ΓûæΓò¬┬║Γò¬┬¼ Γò¬┬║Γöÿ├ñΓò¬┬½Γò¬┬┐Γò¬ΓûÆΓò¬ΓîÉ Γöÿ├¬Γò¬┬║Γöÿ├ñΓöÿ├áΓò¬┬íΓöÿ├ñΓöÿ├¿Γò¬ΓîÉ Γöÿ├ñΓò¬┬¼Γöÿ├⌐Γò¬┬╗Γöÿ├¿Γöÿ├á Γò¬┬║Γöÿ├ñΓò¬ΓöñΓò¬ΓûÆΓöÿ├óΓò¬ΓîÉ Γöÿ├¬Γò¬┬║Γöÿ├ñΓöÿ├áΓöÿ├ÑΓò¬┬¼Γò¬┬╝Γò¬┬║Γò¬┬¼\r\nΓò¬┬║Γöÿ├ñΓò¬├║Γò¬┬╗Γöÿ├¬Γò¬┬║Γò¬┬¼ Γò¬┬║Γöÿ├ñΓò¬ΓûÆΓò¬┬¬Γöÿ├¿Γò¬ΓöéΓöÿ├¿Γò¬ΓîÉ: Γöÿ├áΓöÿ├ÑΓò¬ΓòíΓò¬ΓîÉ Γöÿ├áΓò¬┬¼Γò¬┬½Γò¬ΓòíΓò¬ΓòíΓò¬ΓîÉ Γò¬├« Γò¬ΓöñΓò¬┬┐Γöÿ├óΓò¬ΓîÉ Γò¬┬║Γò¬┬¼Γò¬ΓòíΓò¬┬║Γöÿ├ñΓò¬┬║Γò¬┬¼ Γò¬┬┐Γò¬ΓöñΓò¬ΓûÆΓöÿ├¿Γò¬ΓîÉ Γò¬┬┐Γöÿ├¿Γöÿ├Ñ Γò¬├║Γöÿ├╝Γò¬ΓòóΓöÿ├ñ Γò¬ΓòíΓò¬┬║Γöÿ├ÑΓò¬ΓòúΓöÿ├¿ Γò¬┬║Γöÿ├ñΓöÿ├⌐Γò¬ΓûÆΓò¬┬║Γò¬ΓûÆ Γò¬┬║Γöÿ├ñΓöÿ├áΓò¬┬íΓöÿ├ñΓöÿ├¿Γöÿ├¿Γöÿ├Ñ Γò¬├« Γò¬┬║Γöÿ├ñΓò¬├æΓò¬ΓòúΓöÿ├ñΓò¬┬║Γöÿ├ÑΓò¬┬║Γò¬┬¼ Γò¬┬║Γöÿ├ñΓöÿ├áΓò¬ΓöéΓò¬┬¼Γöÿ├ºΓò¬┬╗Γöÿ├╝Γò¬ΓîÉ Γò¬├« Γöÿ├áΓò¬┬íΓöÿ├╝Γò¬ΓòòΓò¬ΓîÉ Γò¬┬║Γöÿ├ñΓöÿ├áΓò¬┬┐Γöÿ├¿Γò¬ΓòúΓò¬┬║Γò¬┬¼", "description_fr": "SystΓö£┬┐me de vente durable S.S.S (Le Conseil des ventes indigΓö£┬┐nes vise Γö£├í influencer les dΓö£ΓîÉcideurs autochtones)\r\nStratΓö£ΓîÉgie: crΓö£ΓîÉer des bureaux locaux avec l'approche de la crΓö£ΓîÉation et du dΓö£ΓîÉveloppement d'un rΓö£ΓîÉseau de marketing, de vente et de distribution\r\nMΓö£ΓîÉthode: Utiliser le Conseil des ventes locales dans le but de gΓö£ΓîÉrer les ressources humaines spΓö£ΓîÉcialisΓö£ΓîÉes expΓö£ΓîÉrimentΓö£ΓîÉes et locales pour prΓö£ΓîÉsenter l'entreprise et les produits\r\nOutils clΓö£ΓîÉs: plate-forme spΓö£ΓîÉcialisΓö£ΓîÉe, rΓö£ΓîÉseau de communication humaine parmi les meilleurs dΓö£ΓîÉcideurs locaux, publicitΓö£ΓîÉ ciblΓö£ΓîÉe, portefeuille de vente", "description_de": "Nachhaltiges Verkaufssystem S.S.S (Indigenous Sales Council zielt darauf ab, indigene EntscheidungstrΓö£├▒ger zu beeinflussen)\r\nStrategie: Erstellen lokaler BΓö£Γò¥ros mit dem Ansatz der Erstellung und Entwicklung eines Marketing-, Vertriebs- und Vertriebsnetzwerks\r\nMethode: Verwenden des Γö£Γòórtlichen Vertriebsrates mit dem Ziel, erfahrene und lokale spezialisierte Humanressourcen zu verwalten, um das Unternehmen und die Produkte vorzustellen\r\nWichtige Tools: Spezialplattform, menschliches Kommunikationsnetz unter den besten lokalen EntscheidungstrΓö£├▒gern, gezielte Werbung, Verkaufsportfolio", "description_en": "Sustainable Sale System S.S.S (Indigenous Sales Council aims to influence indigenous decision makers) \r\nStrategy: Creating local offices with the approach of creating and developing a marketing, sales and distribution network\r\nMethod: Using the local sales council with the aim of managing experienced and local specialized human resources to introduce the company and products\r\nKey tools: specialized platform, human communication network among top local decision makers, targeted advertising, sales portfolio", "slug": "indegenous-marketing-1f7adbd9-0cb9-45d7-bc0e-f078c", "created_on": "2022-09-07"}}, {"model": "manager.showroom", "pk": 1, "fields": {"name": "Oman-Muscat", "name_ar": "Γò¬ΓòúΓöÿ├àΓöÿ├áΓò¬┬║Γöÿ├Ñ Γöÿ├áΓöÿ├¬Γò¬ΓöéΓò¬┬║Γò¬┬¼", "name_fr": "Muscat d'Oman", "name_de": "Oman-Muscat", "name_en": "Oman-Muscat", "location": null, "image": "Showroom/images/oman-muscat-3778ca9d-4a07-4c76-9a91-077b516a75f0-244684cf-6411-449c-b43c_GbnMrG9.png", "visits": 0, "slug": "oman-muscat-6b024483-8ea1-4d23-9af9-15b2e9284ef0", "created_on": "2022-09-06", "store": []}}, {"model": "manager.showroom", "pk": 2, "fields": {"name": "UAE Dubai", "name_ar": "Γò¬┬╗Γò¬┬┐Γöÿ├¿ Γò¬┬╗Γò¬┬┐Γöÿ├¿", "name_fr": "Γö£├½mirats arabes unis", "name_de": "VAE Dubai", "name_en": "UAE Dubai", "location": null, "image": "Showroom/images/uae-dubai-7fa88edd-7631-4da6-80ce-8ac9fd23a585-8840d0a3-46f4-4d2d-97a9-f_W2DsaYo.png", "visits": 0, "slug": "uae-dubai-2c8d2c8d-c47f-41f4-bd97-623d766e4b6a", "created_on": "2022-09-06", "store": []}}, {"model": "manager.showroom", "pk": 3, "fields": {"name": "Kuwait-Kuwait", "name_ar": "Γò¬┬║Γöÿ├ñΓöÿ├óΓöÿ├¬Γöÿ├¿Γò¬┬¼-Γöÿ├óΓöÿ├¬Γöÿ├¿Γò¬┬¼", "name_fr": "KoweΓö£┬╗t-koweΓö£┬╗t", "name_de": "Kuwait-kuwait", "name_en": "Kuwait-Kuwait", "location": null, "image": "Showroom/images/kuwait-kuwait-56df05df-0536-4e2a-90eb-87b03a90d8d5-361ae38d-c4a6-472a-8d_ZDc4oCw.png", "visits": 0, "slug": "kuwait-kuwait-15a1eed9-2fb4-4e84-b478-412e2304f24a", "created_on": "2022-09-06", "store": []}}, {"model": "manager.showroom", "pk": 4, "fields": {"name": "Qatar-Doha", "name_ar": "Γöÿ├⌐Γò¬ΓòûΓò¬ΓûÆΓò¬┬╗Γöÿ├ºΓò¬┬║", "name_fr": "DiamΓö£┬┐tre", "name_de": "Durchmesser", "name_en": "Qatar-Doha", "location": null, "image": "Showroom/images/qatar-doha-20f1897c-0b91-4fa2-aba8-716c9ab20bb8-5d1b76e0-8549-4388-a9bc-_xe3mU7y.png", "visits": 0, "slug": "qatar-doha-c8bf3e5d-cc8c-4467-8a4c-6bf84b97ca9e", "created_on": "2022-09-06", "store": []}}, {"model": "manager.showroom", "pk": 5, "fields": {"name": "Saudi Arabia-Riyadh", "name_ar": "Γò¬┬║Γöÿ├ñΓöÿ├áΓöÿ├áΓöÿ├ñΓöÿ├óΓò¬ΓîÉ Γò¬┬║Γöÿ├ñΓò¬ΓòúΓò¬ΓûÆΓò¬┬┐Γöÿ├¿Γò¬ΓîÉ Γò¬┬║Γöÿ├ñΓò¬ΓöéΓò¬ΓòúΓöÿ├¬Γò¬┬╗Γöÿ├¿Γò¬ΓîÉ", "name_fr": "Arabie saoudite", "name_de": "Saudi-Arabien-Ryadh", "name_en": "Saudi Arabia-Riyadh", "location": null, "image": "Showroom/images/saudi-arabia-riyadh-9c4108d4-63f4-455e-b08e-0ba5ec-2199407e-a6f0-4849-a4_kIqB2uA.png", "visits": 0, "slug": "saudi-arabia-riyadh-20a4c4a6-4b32-4fc0-a50b-679f05", "created_on": "2022-09-06", "store": []}}, {"model": "manager.promotion", "pk": 1, "fields": {"name": "Banner", "name_ar": "Γöÿ├ñΓò¬┬║Γöÿ├╝Γò¬┬¼Γò¬ΓîÉ", "name_fr": "BanniΓö£┬┐re", "name_de": "Banner", "name_en": "Banner", "description": "Banner", "description_ar": "Γöÿ├ñΓò¬┬║Γöÿ├╝Γò¬┬¼Γò¬ΓîÉ", "description_fr": "BanniΓö£┬┐re", "description_de": "Banner", "description_en": "Banner", "image": "Promotion/images/banner-737aca9a-8085-4068-827b-6ae8a1f2ad63-dee7da3c-6858-4eb9-8cdb-c24_f87YKOu.jpg", "type": "BANNER", "created_on": "2023-03-05", "showroom": null, "slug": "banner-f186ce36-794c-4923-98c3-c1f332ccfc5e", "has_image": true}}, {"model": "manager.promotion", "pk": 2, "fields": {"name": "Banner 2", "name_ar": "Γöÿ├ñΓò¬┬║Γöÿ├╝Γò¬┬¼Γò¬ΓîÉ 2", "name_fr": "BanniΓö£┬┐re 2", "name_de": "Banner 2", "name_en": "Banner 2", "description": "Banner 2", "description_ar": "Γöÿ├ñΓò¬┬║Γöÿ├╝Γò¬┬¼Γò¬ΓîÉ 2", "description_fr": "BanniΓö£┬┐re 2", "description_de": "Banner 2", "description_en": "Banner 2", "image": "Promotion/images/banner-2-e4e66ca0-a68a-41d5-9636-dbbd8bff49d2-4ba0797a-aed4-4607-994b-0_3DQEyLm.jpg", "type": "BANNER", "created_on": "2023-03-05", "showroom": null, "slug": "banner-2-092589b1-18a6-4e21-a987-5a75747df590", "has_image": true}}, {"model": "manager.promotion", "pk": 4, "fields": {"name": "Suppliers", "name_ar": "Γò¬┬║Γöÿ├ñΓöÿ├áΓöÿ├¬Γò¬ΓûÆΓò¬┬╗Γöÿ├¿Γöÿ├Ñ", "name_fr": "Suppliers", "name_de": "Lieferanten", "name_en": "Suppliers", "description": "Get quality products from our top suppliers!", "description_ar": "Γò¬┬║Γöÿ├ñΓò¬┬íΓò¬ΓòíΓöÿ├¬Γöÿ├ñ Γò¬ΓòúΓöÿ├ñΓöÿ├½ Γöÿ├áΓöÿ├ÑΓò¬┬¼Γò¬┬╝Γò¬┬║Γò¬┬¼ Γò¬ΓòúΓò¬┬║Γöÿ├ñΓöÿ├¿Γò¬ΓîÉ Γò¬┬║Γöÿ├ñΓò¬┬╝Γöÿ├¬Γò¬┬╗Γò¬ΓîÉ Γöÿ├áΓöÿ├Ñ Γöÿ├óΓò¬┬┐Γò¬┬║Γò¬ΓûÆ Γò¬┬║Γöÿ├ñΓöÿ├áΓöÿ├¬Γò¬ΓûÆΓò¬┬╗Γöÿ├¿Γöÿ├Ñ Γöÿ├ñΓò¬┬╗Γöÿ├¿Γöÿ├ÑΓò¬┬║!", "description_fr": "Obtenez des produits de qualitΓö£ΓîÉ de nos meilleurs fournisseurs!", "description_de": "Holen Sie sich QualitΓö£├▒tsprodukte von unseren Top -Lieferanten!", "description_en": "Get quality products from our top suppliers!", "image": "", "type": "SUPPLIERS", "created_on": "2023-03-05", "showroom": null, "slug": "suppliers-9d5b650e-3599-41ed-9659-148ba31dd2ac", "has_image": false}}, {"model": "manager.promotion", "pk": 5, "fields": {"name": "Oman-Muscat Suppliers", "name_ar": "Γò¬ΓòúΓöÿ├àΓöÿ├áΓò¬┬║Γöÿ├Ñ Γò¬┬║Γöÿ├ñΓöÿ├áΓöÿ├¬Γò¬ΓûÆΓò¬┬╗Γöÿ├¿Γöÿ├Ñ", "name_fr": "Fournisseurs de muscat Oman", "name_de": "Oman-Muscat-Lieferanten", "name_en": "Oman-Muscat Suppliers", "description": "15% off for new Oman-Muscat suppliers", "description_ar": "Γò¬┬½Γò¬ΓòíΓöÿ├á 15 Γöÿ┬¼ Γöÿ├ñΓöÿ├áΓöÿ├¬Γò¬ΓûÆΓò¬┬╗Γöÿ├¿ Γò¬ΓòúΓöÿ├áΓò¬┬║Γöÿ├Ñ Γò¬┬╝Γò¬┬╗Γò¬┬╗", "description_fr": "15% de rΓö£ΓîÉduction pour les nouveaux fournisseurs d'Oman-muscat", "description_de": "15% Rabatt fΓö£Γò¥r neue Oman-Muscat-Lieferanten", "description_en": "15% off for new Oman-Muscat suppliers", "image": "", "type": "SHOWROOWS", "created_on": "2023-03-05", "showroom": 1, "slug": "oman-muscat-suppliers-704e48c1-121b-4f4e-a386-232d", "has_image": false}}, {"model": "manager.emailpromotion", "pk": 3, "fields": {"subject": "", "subject_ar": "", "subject_fr": "", "subject_de": "", "subject_en": "", "description": null, "description_ar": null, "description_fr": null, "description_de": null, "description_en": null, "image": "", "target": "ALL USERS", "created_on": "2023-03-12", "showroom": null, "slug": "-57f18729-31de-41bd-9e7d-12d6e045825a", "has_image": false}}, {"model": "manager.emailpromotion", "pk": 8, "fields": {"subject": "Discount for all buyers", "subject_ar": "Γò¬┬½Γò¬ΓòíΓöÿ├á Γöÿ├ñΓò¬┬╝Γöÿ├áΓöÿ├¿Γò¬Γòú Γò¬┬║Γöÿ├ñΓöÿ├áΓò¬ΓöñΓò¬┬¼Γò¬ΓûÆΓöÿ├¿Γöÿ├Ñ", "subject_fr": "Remise pour tous les acheteurs", "subject_de": "Rabatt fΓö£Γò¥r alle KΓö£├▒ufer", "subject_en": "Discount for all buyers", "description": "Discount for all buyers 50%", "description_ar": "Γò¬┬½Γò¬ΓòíΓöÿ├á Γöÿ├ñΓò¬┬╝Γöÿ├áΓöÿ├¿Γò¬Γòú Γò¬┬║Γöÿ├ñΓöÿ├áΓò¬ΓöñΓò¬┬¼Γò¬ΓûÆΓöÿ├¿Γöÿ├Ñ 50 Γöÿ┬¼", "description_fr": "Remise pour tous les acheteurs 50%", "description_de": "Rabatt fΓö£Γò¥r alle KΓö£├▒ufer 50%", "description_en": "Discount for all buyers 50%", "image": "", "target": "BUYERS", "created_on": "2023-03-13", "showroom": null, "slug": "discount-for-all-buyers-7469e4dc-c879-44ed-aca4-3b", "has_image": false}}, {"model": "manager.advertisinglocation", "pk": 1, "fields": {"name": null, "name_ar": null, "name_fr": null, "name_de": null, "name_en": null, "price": "20.00", "showroom": null}}, {"model": "manager.advertisinglocation", "pk": 2, "fields": {"name": null, "name_ar": null, "name_fr": null, "name_de": null, "name_en": null, "price": "10.00", "showroom": 3}}, {"model": "manager.advertisinglocation", "pk": 3, "fields": {"name": null, "name_ar": null, "name_fr": null, "name_de": null, "name_en": null, "price": "15.00", "showroom": 1}}, {"model": "manager.advertisinglocation", "pk": 4, "fields": {"name": null, "name_ar": null, "name_fr": null, "name_de": null, "name_en": null, "price": "19.00", "showroom": 2}}, {"model": "manager.advertisinglocation", "pk": 5, "fields": {"name": "All Suppliers", "name_ar": "Γò¬┬╝Γöÿ├áΓöÿ├¿Γò¬Γòú Γò¬┬║Γöÿ├ñΓöÿ├áΓöÿ├¬Γò¬ΓûÆΓò¬┬╗Γöÿ├¿Γöÿ├Ñ", "name_fr": "Tous les fournisseurs", "name_de": "Alle Lieferanten", "name_en": "All Suppliers", "price": "100.00", "showroom": null}}, {"model": "supplier.productcategory", "pk": 2, "fields": {"name": "Textile Products", "name_ar": "Γöÿ├áΓöÿ├ÑΓò¬┬¼Γò¬┬╝Γò¬┬║Γò¬┬¼ Γò¬┬║Γöÿ├ñΓöÿ├ÑΓò¬ΓöéΓöÿ├¿Γò¬┬╝", "name_fr": "Produits textiles", "name_de": "Textilprodukte", "name_en": "Textile Products", "product_count": 6, "image": "ProductCategory/images/textile-productsc0837371-b8c5-45cc-85e2-7d0130a49d.png", "slug": "textile-productsff4d0abd-4206-4976-91ee-46da1f356f0d", "created_on": "2022-09-03"}}, {"model": "supplier.productcategory", "pk": 3, "fields": {"name": "Sporting and Recreation Equipments", "name_ar": "Γöÿ├áΓò¬ΓòúΓò¬┬╗Γò¬┬║Γò¬┬¼ Γò¬ΓûÆΓöÿ├¿Γò¬┬║Γò¬ΓòóΓöÿ├¿Γò¬ΓîÉ Γöÿ├¬Γò¬┬¼Γò¬ΓûÆΓöÿ├╝Γöÿ├¿Γöÿ├º", "name_fr": "Γö£├½quipements sportifs et rΓö£ΓîÉcrΓö£ΓîÉatifs", "name_de": "Sport- und FreizeitausrΓö£Γò¥stungen", "name_en": "Sporting and Recreation Equipments", "product_count": 31, "image": "ProductCategory/images/sporting-and-recreation-equipments8e4f9099-7c57-42.png", "slug": "sporting-and-recreation-equipmentscb0fed6f-e379-4347-a065-996fefde11a7", "created_on": "2022-09-03"}}, {"model": "supplier.productcategory", "pk": 4, "fields": {"name": "School and Office Stationery", "name_ar": "Γöÿ├⌐Γò¬ΓûÆΓò¬ΓòûΓò¬┬║Γò¬ΓöéΓöÿ├¿Γò¬ΓîÉ Γò¬┬║Γöÿ├ñΓöÿ├áΓò¬┬╗Γò¬┬║Γò¬ΓûÆΓò¬Γöé Γöÿ├¬Γò¬┬║Γöÿ├ñΓöÿ├áΓöÿ├óΓò¬┬║Γò¬┬¼Γò¬┬┐", "name_fr": "Papeterie d'Γö£ΓîÉcole et de bureau", "name_de": "Schul- und BΓö£Γò¥ro -Schreibwaren", "name_en": "School and Office Stationery", "product_count": 0, "image": "ProductCategory/images/school-and-office-stationery78dce158-5eeb-4bb0-8d3.png", "slug": "school-and-office-stationeryc571c6cc-0927-4101-b5f5-0c6d5b5d412c", "created_on": "2022-09-03"}}, {"model": "supplier.productcategory", "pk": 5, "fields": {"name": "Plastic and Rubber Industry", "name_ar": "Γò¬ΓòíΓöÿ├ÑΓò¬┬║Γò¬ΓòúΓò¬ΓîÉ Γò¬┬║Γöÿ├ñΓò¬┬┐Γöÿ├ñΓò¬┬║Γò¬ΓöéΓò¬┬¼Γöÿ├¿Γöÿ├ó Γöÿ├¬Γò¬┬║Γöÿ├ñΓöÿ├áΓò¬ΓòûΓò¬┬║Γò¬Γòû", "name_fr": "Industrie du plastique et du caoutchouc", "name_de": "Plastik- und Gummiindustrie", "name_en": "Plastic and Rubber Industry", "product_count": 0, "image": "ProductCategory/images/plastic-and-rubber-industryed11fcae-bf83-406e-ace0.png", "slug": "plastic-and-rubber-industry12788f25-c4ed-49fa-9b60-39346dc7e294", "created_on": "2022-09-03"}}, {"model": "supplier.productcategory", "pk": 6, "fields": {"name": "Medical Products", "name_ar": "Γöÿ├áΓöÿ├ÑΓò¬┬¼Γò¬┬╝Γò¬┬║Γò¬┬¼ Γò¬ΓòûΓò¬┬┐Γöÿ├¿Γò¬ΓîÉ", "name_fr": "Produits mΓö£ΓîÉdicaux", "name_de": "Medizinische Produkte", "name_en": "Medical Products", "product_count": 0, "image": "ProductCategory/images/medical-products9b6b8d92-b06c-4332-835b-3fa289b453.png", "slug": "medical-productsde8e13c4-459c-4b91-8ec4-57900abf0db1", "created_on": "2022-09-03"}}, {"model": "supplier.productcategory", "pk": 7, "fields": {"name": "Jewelry", "name_ar": "Γöÿ├áΓò¬┬╝Γöÿ├¬Γöÿ├ºΓò¬ΓûÆΓò¬┬║Γò¬┬¼", "name_fr": "Bijoux", "name_de": "Schmuck", "name_en": "Jewelry", "product_count": 0, "image": "ProductCategory/images/jewelry42622e8c-f480-490d-a720-f17094c59797-caeff9.png", "slug": "jewelry87a8be1a-01dc-4e59-b8f6-de78be4282d8", "created_on": "2022-09-03"}}, {"model": "supplier.productcategory", "pk": 8, "fields": {"name": "Food Industry", "name_ar": "Γò¬┬║Γöÿ├ñΓò¬ΓòíΓöÿ├ÑΓò¬┬║Γò¬ΓòúΓò¬┬║Γò¬┬¼ Γò¬┬║Γöÿ├ñΓò¬ΓòæΓò¬ΓûæΓò¬┬║Γò¬┬¬Γöÿ├¿Γò¬ΓîÉ", "name_fr": "Industrie alimentaire", "name_de": "Nahrungsmittelindustrie", "name_en": "Food Industry", "product_count": 0, "image": "ProductCategory/images/food-industry56fa39d3-fffc-469a-a784-b58272a79427-.png", "slug": "food-industry08d6797e-9d98-4786-ab1a-04ee0d443896", "created_on": "2022-09-03"}}, {"model": "supplier.productcategory", "pk": 9, "fields": {"name": "Environment and Recycling", "name_ar": "Γò¬┬║Γöÿ├ñΓò¬┬┐Γöÿ├¿Γò¬┬¬Γò¬ΓîÉ Γöÿ├¬Γò¬├æΓò¬ΓòúΓò¬┬║Γò¬┬╗Γò¬ΓîÉ Γò¬┬║Γöÿ├ñΓò¬┬¼Γò¬┬╗Γöÿ├¬Γöÿ├¿Γò¬ΓûÆ", "name_fr": "Environnement et recyclage", "name_de": "Umwelt und Recycling", "name_en": "Environment and Recycling", "product_count": 0, "image": "ProductCategory/images/environment-and-recyclingc6c16272-8a8c-4bd3-84d3-c.png", "slug": "environment-and-recyclingbc3de80d-5496-486e-9fc7-456e757f9a69", "created_on": "2022-09-03"}}, {"model": "supplier.productcategory", "pk": 10, "fields": {"name": "Energy Sector", "name_ar": "Γöÿ├⌐Γò¬ΓòûΓò¬┬║Γò¬Γòú Γò¬┬║Γöÿ├ñΓò¬ΓòûΓò¬┬║Γöÿ├⌐Γò¬ΓîÉ", "name_fr": "Secteur Γö£ΓîÉnergΓö£ΓîÉtique", "name_de": "Energie Sektor", "name_en": "Energy Sector", "product_count": 0, "image": "ProductCategory/images/energy-sectorb39e558e-472a-496e-a460-4acb52f32cec-.png", "slug": "energy-sector9fa499b1-f962-408f-82c6-109372cd246f", "created_on": "2022-09-03"}}, {"model": "supplier.productcategory", "pk": 11, "fields": {"name": "Electrical Equipment", "name_ar": "Γöÿ├áΓò¬ΓòúΓò¬┬╗Γò¬┬║Γò¬┬¼ Γöÿ├óΓöÿ├ºΓò¬ΓûÆΓò¬┬┐Γò¬┬║Γò¬┬¬Γöÿ├¿Γò¬ΓîÉ", "name_fr": "Γö£├½quipement Γö£ΓîÉlectrique", "name_de": "Elektrische AusrΓö£Γò¥stung", "name_en": "Electrical Equipment", "product_count": 0, "image": "ProductCategory/images/electrical-equipment3fe1a43f-8aee-4364-a191-0c94b3.png", "slug": "electrical-equipment28026aa6-3472-40fc-a06b-54da581eec6f", "created_on": "2022-09-03"}}, {"model": "supplier.productcategory", "pk": 12, "fields": {"name": "Consumer Electronics", "name_ar": "Γöÿ├áΓò¬ΓöéΓò¬┬¼Γöÿ├ºΓöÿ├ñΓöÿ├óΓöÿ├½ Γò¬┬║Γöÿ├ñΓöÿ├óΓò¬┬¼Γò¬ΓûÆΓöÿ├¬Γöÿ├ÑΓöÿ├¿Γò¬┬║Γò¬┬¼", "name_fr": "Γö£├½lectronique grand public", "name_de": "Unterhaltungselektronik", "name_en": "Consumer Electronics", "product_count": 146, "image": "ProductCategory/images/consumer-electronicsb06caaf5-f1d5-4e65-ae2b-24de98.png", "slug": "consumer-electronics11174ea5-fccb-48f6-95cb-afba1568cd3b", "created_on": "2022-09-03"}}, {"model": "supplier.productcategory", "pk": 13, "fields": {"name": "Safety and Security Equipments", "name_ar": "Γöÿ├áΓò¬ΓòúΓò¬┬╗Γò¬┬║Γò¬┬¼ Γò¬┬║Γöÿ├ñΓò¬ΓöéΓöÿ├ñΓò¬┬║Γöÿ├áΓò¬ΓîÉ Γöÿ├¬Γò¬┬║Γöÿ├ñΓò¬├║Γöÿ├áΓöÿ├Ñ", "name_fr": "Γö£├½quipements de sΓö£ΓîÉcuritΓö£ΓîÉ et de sΓö£ΓîÉcuritΓö£ΓîÉ", "name_de": "SicherheitsausrΓö£Γò¥stungen", "name_en": "Safety and Security Equipments", "product_count": 0, "image": "ProductCategory/images/safety-and-security-equipments61bbbd3e-cd83-41d9-8.png", "slug": "safety-and-security-equipments637b0a45-5ba0-4d29-90bd-643e23417010", "created_on": "2022-09-03"}}, {"model": "supplier.productcategory", "pk": 14, "fields": {"name": "Construction and Building Industry", "name_ar": "Γò¬ΓòíΓöÿ├ÑΓò¬┬║Γò¬ΓòúΓò¬ΓîÉ Γò¬┬║Γöÿ├ñΓò¬┬┐Γöÿ├ÑΓò¬┬║Γò¬├¡ Γöÿ├¬Γò¬┬║Γöÿ├ñΓò¬┬┐Γöÿ├ÑΓò¬┬║Γò¬├¡", "name_fr": "Industrie de la construction et de la construction", "name_de": "Bau- und Bauindustrie", "name_en": "Construction and Building Industry", "product_count": 0, "image": "ProductCategory/images/construction-and-building-industry2dc20bd9-cc33-4c.png", "slug": "construction-and-building-industryf8f88b8e-bd50-4cec-a001-b8f69d4dc586", "created_on": "2022-09-03"}}, {"model": "supplier.productcategory", "pk": 15, "fields": {"name": "Cosmetic Products", "name_ar": "Γöÿ├áΓò¬ΓöéΓò¬┬¼Γò¬┬íΓò¬ΓòóΓò¬ΓûÆΓò¬┬║Γò¬┬¼ Γò¬┬║Γöÿ├ñΓò¬┬¼Γò¬┬╝Γöÿ├áΓöÿ├¿Γöÿ├ñ", "name_fr": "Produits cosmΓö£ΓîÉtiques", "name_de": "Kosmetikprodukte", "name_en": "Cosmetic Products", "product_count": 0, "image": "ProductCategory/images/cosmetic-products9fb378d8-d265-4a80-9180-067047ad3.png", "slug": "cosmetic-products8329340d-d883-43f9-84eb-32aa39d0f08d", "created_on": "2022-09-03"}}, {"model": "supplier.productcategory", "pk": 16, "fields": {"name": "Mens's Fashion", "name_ar": "Γò¬├║Γò¬ΓûôΓöÿ├¿Γò¬┬║Γò¬├¡ Γò¬┬║Γöÿ├ñΓò¬ΓûÆΓò¬┬╝Γò¬┬║Γöÿ├ñ", "name_fr": "La mode masculine", "name_de": "MΓö£├▒nnermode", "name_en": "Mens's Fashion", "product_count": 262, "image": "ProductCategory/images/menss-fashion7e863f93-6193-468d-8cbb-2c2a26a99fef-.png", "slug": "menss-fashiond9c645c0-0538-4fdd-9beb-e3fb5cf839cb", "created_on": "2022-09-03"}}, {"model": "supplier.productcategory", "pk": 17, "fields": {"name": "Agricultural Machinery", "name_ar": "Γò¬┬║Γöÿ├ñΓò¬├│Γöÿ├ñΓò¬┬║Γò¬┬¼ Γò¬┬║Γöÿ├ñΓò¬ΓûôΓò¬ΓûÆΓò¬┬║Γò¬ΓòúΓöÿ├¿Γò¬ΓîÉ", "name_fr": "Machines agricoles", "name_de": "Landwirtschaftliche Maschinen", "name_en": "Agricultural Machinery", "product_count": 0, "image": "ProductCategory/images/agricultural-machinery59f8d6e0-f50f-4f5e-ab8d-0933.png", "slug": "agricultural-machinery3ed92dc4-f20f-431d-bd8f-f272c2cd219e", "created_on": "2022-09-09"}}, {"model": "supplier.productcategory", "pk": 18, "fields": {"name": "Baby Produts & Accessories", "name_ar": "Γöÿ├áΓöÿ├ÑΓò¬┬¼Γò¬┬╝Γò¬┬║Γò¬┬¼ Γò¬┬║Γöÿ├ñΓò¬├║Γò¬ΓòûΓöÿ├╝Γò¬┬║Γöÿ├ñ Γöÿ├¬Γò¬┬║Γöÿ├ñΓöÿ├áΓöÿ├ñΓò¬┬íΓöÿ├⌐Γò¬┬║Γò¬┬¼", "name_fr": "Produits et accessoires pour bΓö£ΓîÉbΓö£ΓîÉ", "name_de": "Babyprodukte und ZubehΓö£Γòór", "name_en": "Baby Produts & Accessories", "product_count": 0, "image": "ProductCategory/images/baby-produts-accessories2ca258cb-3fba-4f3f-a775-48.png", "slug": "baby-produts-accessories32fe0381-8cce-4641-9da5-bf6508814519", "created_on": "2022-09-09"}}, {"model": "supplier.productcategory", "pk": 19, "fields": {"name": "Agents", "name_ar": "Γò¬ΓòúΓöÿ├áΓöÿ├ñΓò¬┬║Γò¬├¡", "name_fr": "Agents", "name_de": "Agents", "name_en": "Agents", "product_count": 0, "image": "ProductCategory/images/agentsecbeea6f-c1a1-4331-b030-c8abdaa40de5-b7f2f01.png", "slug": "agentsdeea5b7d-45d0-4cdf-8949-f57c9d3b1258", "created_on": "2022-09-09"}}, {"model": "supplier.productcategory", "pk": 20, "fields": {"name": "Agro Supplies", "name_ar": "Γò¬┬║Γöÿ├ñΓò¬├æΓöÿ├áΓò¬┬╗Γò¬┬║Γò¬┬╗Γò¬┬║Γò¬┬¼ Γò¬┬║Γöÿ├ñΓò¬ΓûôΓò¬ΓûÆΓò¬┬║Γò¬ΓòúΓöÿ├¿Γò¬ΓîÉ", "name_fr": "Agro Supplies", "name_de": "Agro -Lieferungen", "name_en": "Agro Supplies", "product_count": 0, "image": "ProductCategory/images/agro-supplies837d2755-4285-496e-854c-61f242be8667-.png", "slug": "agro-supplies276a0efc-5b21-4bf0-a39d-a7f50bca8d31", "created_on": "2022-09-09"}}, {"model": "supplier.productcategory", "pk": 21, "fields": {"name": "Automotives", "name_ar": "Γò¬┬║Γöÿ├ñΓò¬ΓöéΓöÿ├¿Γò¬┬║Γò¬ΓûÆΓò¬┬║Γò¬┬¼", "name_fr": "Automobile", "name_de": "Kfz", "name_en": "Automotives", "product_count": 0, "image": "ProductCategory/images/automotivese70cde18-8deb-43fb-983a-de4954db62f4-e0.png", "slug": "automotives866fedc4-8684-48f5-8655-8719b84231d7", "created_on": "2022-09-09"}}, {"model": "supplier.productcategory", "pk": 22, "fields": {"name": "Women's Fashion", "name_ar": "Γò¬ΓòúΓöÿ├ñΓöÿ├½ Γò¬┬║Γöÿ├ñΓöÿ├áΓöÿ├¬Γò¬ΓòóΓò¬ΓîÉ Γöÿ├ñΓöÿ├ñΓöÿ├ÑΓò¬ΓöéΓò¬┬║Γò¬├¡", "name_fr": "La mode des femmes", "name_de": "Frauenmode", "name_en": "Women's Fashion", "product_count": 12, "image": "ProductCategory/images/womens-fashionf881c58f-95c7-4609-af9b-21f5cfb923a5.png", "slug": "womens-fashionf2888700-74de-4a60-a2e7-fd815aa35521", "created_on": "2022-09-09"}}, {"model": "supplier.productsubcategory", "pk": 10, "fields": {"name": "Feather Textile", "name_ar": "Γò¬┬║Γöÿ├ñΓöÿ├ÑΓò¬ΓöéΓöÿ├¿Γò¬┬╝ Γò¬┬║Γöÿ├ñΓò¬ΓûÆΓöÿ├¿Γò¬Γöñ", "name_fr": "Textile en plumes", "name_de": "Feder Textile", "name_en": "Feather Textile", "category": 2, "image": "ProductSubCategory/images/feather-textile36d6ac52-649b-49fd-8527-0bfcc6fdc39.webp", "slug": "feather-textiled4091ff6-7b93-4166-9a08-f622d778ca8a", "created_on": "2022-09-03"}}, {"model": "supplier.productsubcategory", "pk": 11, "fields": {"name": "Fabric Textile", "name_ar": "Γò¬┬║Γöÿ├ñΓöÿ├ÑΓò¬ΓöéΓöÿ├¿Γò¬┬╝ Γò¬┬║Γöÿ├ñΓöÿ├ÑΓò¬ΓöéΓöÿ├¿Γò¬┬╝", "name_fr": "Textile de tissu", "name_de": "Stoff Textile", "name_en": "Fabric Textile", "category": 2, "image": "ProductSubCategory/images/fabric-textile7e4696a2-c618-4249-b1d7-efbed311b3be.webp", "slug": "fabric-textilebfd9fc1e-e7cf-4e80-b242-21fb5586fe31", "created_on": "2022-09-03"}}, {"model": "supplier.productsubcategory", "pk": 12, "fields": {"name": "Fiber Textile", "name_ar": "Γò¬┬║Γöÿ├ñΓöÿ├ÑΓò¬ΓöéΓöÿ├¿Γò¬┬╝ Γò¬┬║Γöÿ├ñΓò¬├║Γöÿ├ñΓöÿ├¿Γò¬┬║Γöÿ├╝", "name_fr": "Textile de fibre", "name_de": "Fasertextile", "name_en": "Fiber Textile", "category": 2, "image": "ProductSubCategory/images/fiber-textile69628b8c-2404-4b43-8bee-09bff4484e2c-.webp", "slug": "fiber-textile4796655e-f8b8-4149-8c39-1a59eb962349", "created_on": "2022-09-03"}}, {"model": "supplier.productsubcategory", "pk": 13, "fields": {"name": "Fur Textile", "name_ar": "Γò¬┬║Γöÿ├ñΓöÿ├ÑΓò¬ΓöéΓöÿ├¿Γò¬┬╝ Γò¬┬║Γöÿ├ñΓöÿ├╝Γò¬ΓûÆΓò¬┬║Γò¬├¡", "name_fr": "Textile de fourrure", "name_de": "Pelztextile", "name_en": "Fur Textile", "category": 2, "image": "ProductSubCategory/images/fur-textile7486a532-ffe5-4ebc-bc19-b8d2b39f77fb-e4.webp", "slug": "fur-textile3fc7d8d3-91b2-4b04-b05b-8ce4008053c7", "created_on": "2022-09-03"}}, {"model": "supplier.productsubcategory", "pk": 14, "fields": {"name": "Leather Textile", "name_ar": "Γò¬┬║Γöÿ├ñΓöÿ├ÑΓò¬ΓöéΓöÿ├¿Γò¬┬╝ Γò¬┬║Γöÿ├ñΓò¬┬╝Γöÿ├ñΓò¬┬╗Γöÿ├¿", "name_fr": "Textile en cuir", "name_de": "Ledertextil", "name_en": "Leather Textile", "category": 2, "image": "ProductSubCategory/images/leather-textile6e018d30-6d54-4844-9040-bec78dc99f9.webp", "slug": "leather-textilea4f0de1b-e4fa-4108-9f07-78381e45d01d", "created_on": "2022-09-03"}}, {"model": "supplier.productsubcategory", "pk": 15, "fields": {"name": "Other Textiles", "name_ar": "Γò¬┬║Γöÿ├ñΓöÿ├áΓöÿ├ÑΓò¬ΓöéΓöÿ├¬Γò¬┬╝Γò¬┬║Γò¬┬¼ Γò¬┬║Γöÿ├ñΓò¬├║Γò¬┬½Γò¬ΓûÆΓöÿ├½", "name_fr": "Autres textiles", "name_de": "Andere Textilien", "name_en": "Other Textiles", "category": 2, "image": "ProductSubCategory/images/other-textilesd3905fda-213f-46b5-8e0c-a456d65ff505.webp", "slug": "other-textiles6a487cf9-9942-4e5f-b7c5-c41d6b5c459a", "created_on": "2022-09-03"}}, {"model": "supplier.productsubcategory", "pk": 16, "fields": {"name": "Artificial Grass & Sports Flooring", "name_ar": "Γò¬┬║Γöÿ├ñΓò¬├║Γò¬ΓûÆΓò¬ΓòóΓöÿ├¿Γò¬┬║Γò¬┬¼ Γò¬┬║Γöÿ├ñΓò¬┬║Γò¬ΓòíΓò¬ΓòûΓöÿ├ÑΓò¬┬║Γò¬ΓòúΓöÿ├¿Γò¬ΓîÉ Γöÿ├¬Γò¬┬║Γöÿ├ñΓò¬├║Γò¬ΓûÆΓò¬ΓòóΓöÿ├¿Γò¬┬║Γò¬┬¼ Γò¬┬║Γöÿ├ñΓò¬ΓûÆΓöÿ├¿Γò¬┬║Γò¬ΓòóΓöÿ├¿Γò¬ΓîÉ", "name_fr": "Grass artificiels et revΓö£┬¼tements sportifs", "name_de": "KΓö£Γò¥nstliches Gras- und Sportboden", "name_en": "Artificial Grass & Sports Flooring", "category": 3, "image": "ProductSubCategory/images/artificial-grass-sports-flooring2fc13439-f844-480e.webp", "slug": "artificial-grass-sports-flooring9b90030e-54f1-4253-9466-ccec01207832", "created_on": "2022-09-03"}}, {"model": "supplier.productsubcategory", "pk": 17, "fields": {"name": "Boats & Ships", "name_ar": "Γò¬┬║Γöÿ├ñΓöÿ├⌐Γöÿ├¬Γò¬┬║Γò¬ΓûÆΓò¬┬┐ Γöÿ├¬Γò¬┬║Γöÿ├ñΓò¬ΓöéΓöÿ├╝Γöÿ├Ñ", "name_fr": "Bateaux et navires", "name_de": "Boote & Schiffe", "name_en": "Boats & Ships", "category": 3, "image": "ProductSubCategory/images/boats-shipsf58a1899-4b80-49e9-9773-da47d0ba8c81-e6.webp", "slug": "boats-shipsd5df17c6-e8e2-4a73-8c8c-b44b37709601", "created_on": "2022-09-03"}}, {"model": "supplier.productsubcategory", "pk": 18, "fields": {"name": "Camping & Hiking", "name_ar": "Γò¬┬║Γöÿ├ñΓò¬┬¼Γò¬┬½Γöÿ├¿Γöÿ├¿Γöÿ├á Γöÿ├¬Γò¬┬║Γöÿ├ñΓò¬┬¼Γöÿ├ÑΓò¬ΓûôΓöÿ├º", "name_fr": "Camping et randonnΓö£ΓîÉe", "name_de": "Campen und Wandern", "name_en": "Camping & Hiking", "category": 3, "image": "ProductSubCategory/images/camping-hiking3df2e987-81e6-427f-aa3c-e5e1ba325d63.webp", "slug": "camping-hiking456943b6-0222-42b2-95f2-e590f2d505ee", "created_on": "2022-09-03"}}, {"model": "supplier.productsubcategory", "pk": 19, "fields": {"name": "Cycling", "name_ar": "Γò¬ΓûÆΓöÿ├óΓöÿ├¬Γò¬┬┐ Γò¬┬║Γöÿ├ñΓò¬┬╗Γò¬ΓûÆΓò¬┬║Γò¬┬╝Γò¬┬║Γò¬┬¼", "name_fr": "VΓö£ΓîÉlo", "name_de": "Radfahren", "name_en": "Cycling", "category": 3, "image": "ProductSubCategory/images/cyclingf6c0b75d-e908-4495-ae05-8133c8dcef83-624a02.jpg", "slug": "cyclingc7dadacb-5ef9-4adc-a8ae-697a77bb45b6", "created_on": "2022-09-03"}}, {"model": "supplier.productsubcategory", "pk": 20, "fields": {"name": "Exercise Rehabilitation", "name_ar": "Γò¬┬¼Γöÿ├áΓò¬ΓûÆΓöÿ├¿Γöÿ├Ñ Γò¬├æΓò¬ΓòúΓò¬┬║Γò¬┬╗Γò¬ΓîÉ Γò¬┬¼Γò¬├║Γöÿ├ºΓöÿ├¿Γöÿ├ñ", "name_fr": "RΓö£ΓîÉhabilitation de l'exercice", "name_de": "Rehabilitation Γö£┬úbung", "name_en": "Exercise Rehabilitation", "category": 3, "image": "ProductSubCategory/images/exercise-rehabilitationc30ffc61-63d5-48a6-8888-e70.webp", "slug": "exercise-rehabilitationa73d34ce-ea93-479e-a6db-a64b30f96375", "created_on": "2022-09-03"}}, {"model": "supplier.productsubcategory", "pk": 21, "fields": {"name": "Fishing", "name_ar": "Γò¬ΓòíΓöÿ├¿Γò¬┬╗ Γò¬┬║Γöÿ├ñΓò¬ΓöéΓöÿ├áΓöÿ├ó", "name_fr": "PΓö£┬¼che", "name_de": "Angeln", "name_en": "Fishing", "category": 3, "image": "ProductSubCategory/images/fishing3ea654e0-5976-4354-817a-48c2e9724287-bcb591.webp", "slug": "fishingf856c085-6ccd-4668-8908-b01e5e2b7d0f", "created_on": "2022-09-03"}}, {"model": "supplier.productsubcategory", "pk": 22, "fields": {"name": "Fitness & Body Building", "name_ar": "Γò¬┬║Γöÿ├ñΓöÿ├ñΓöÿ├¿Γò¬┬║Γöÿ├⌐Γò¬ΓîÉ Γò¬┬║Γöÿ├ñΓò¬┬┐Γò¬┬╗Γöÿ├ÑΓöÿ├¿Γò¬ΓîÉ Γöÿ├¬Γò¬┬┐Γöÿ├ÑΓò¬┬║Γò¬├¡ Γò¬┬║Γöÿ├ñΓò¬┬╝Γò¬ΓöéΓöÿ├á", "name_fr": "Fitness et corps Γö£├í corps", "name_de": "Fitness- und KΓö£ΓòórpergebΓö£├▒ude", "name_en": "Fitness & Body Building", "category": 3, "image": "ProductSubCategory/images/fitness-body-building3ce6c814-0f89-4843-a309-20dfa.webp", "slug": "fitness-body-building0faac40d-ecf2-48cb-97d9-6e7e7f10d45a", "created_on": "2022-09-03"}}, {"model": "supplier.productsubcategory", "pk": 23, "fields": {"name": "Golf", "name_ar": "Γò¬┬║Γöÿ├ñΓò¬┬╝Γöÿ├¬Γöÿ├ñΓöÿ├╝", "name_fr": "Le golf", "name_de": "Golf", "name_en": "Golf", "category": 3, "image": "ProductSubCategory/images/golfe08b802e-ff62-416e-883d-82b06f9d9f6d-8f06ac42-.webp", "slug": "golfd2a0327f-d61b-410f-b25a-469f54346092", "created_on": "2022-09-03"}}, {"model": "supplier.productsubcategory", "pk": 24, "fields": {"name": "Indoor Sports", "name_ar": "Γò¬┬║Γöÿ├ñΓò¬ΓûÆΓöÿ├¿Γò¬┬║Γò¬ΓòóΓò¬ΓîÉ Γöÿ├╝Γöÿ├¿ Γò¬┬║Γöÿ├ñΓò¬├║Γöÿ├áΓò¬┬║Γöÿ├óΓöÿ├Ñ Γò¬┬║Γöÿ├ñΓöÿ├áΓò¬ΓòæΓöÿ├ñΓöÿ├⌐Γò¬ΓîÉ", "name_fr": "Sports d'intΓö£ΓîÉrieur", "name_de": "Hallensport", "name_en": "Indoor Sports", "category": 3, "image": "ProductSubCategory/images/indoor-sports92c8e516-af77-42b3-97e7-b9372e0e098f-.webp", "slug": "indoor-sportsbc95c6d7-bbab-4ab7-b20b-ebdc7d9fdb65", "created_on": "2022-09-03"}}, {"model": "supplier.productsubcategory", "pk": 25, "fields": {"name": "Musical Instruments", "name_ar": "Γò¬┬║Γöÿ├ñΓò¬┬║Γò¬┬¼ Γöÿ├áΓöÿ├¬Γò¬ΓöéΓöÿ├¿Γöÿ├⌐Γöÿ├¿Γò¬ΓîÉ", "name_fr": "Instruments de musique", "name_de": "Musikinstrumente", "name_en": "Musical Instruments", "category": 3, "image": "ProductSubCategory/images/musical-instruments13acaf01-fc1f-43f1-9f73-2522c62.webp", "slug": "musical-instrumentsd1c66007-2bdf-4a01-9ad4-a6b7bda0a96a", "created_on": "2022-09-03"}}, {"model": "supplier.productsubcategory", "pk": 26, "fields": {"name": "Art Supplies", "name_ar": "Γò¬├æΓöÿ├áΓò¬┬╗Γò¬┬║Γò¬┬╗Γò¬┬║Γò¬┬¼ Γò¬┬║Γöÿ├ñΓöÿ├╝Γöÿ├Ñ", "name_fr": "Fournitures d'art", "name_de": "Kunstbedarf", "name_en": "Art Supplies", "category": 4, "image": "ProductSubCategory/images/art-supplies865301c9-121d-4674-928f-22a1cc82d925-e.webp", "slug": "art-supplies26f22882-533b-40d6-9419-b1640b4b48fa", "created_on": "2022-09-03"}}, {"model": "supplier.productsubcategory", "pk": 27, "fields": {"name": "Books", "name_ar": "Γöÿ├óΓò¬┬¼Γò¬┬┐", "name_fr": "Livres", "name_de": "BΓö£Γò¥cher", "name_en": "Books", "category": 4, "image": "ProductSubCategory/images/books63799bf2-1ff9-49f7-922c-db3c262e661b-fdfb0cc5.webp", "slug": "bookse845177d-4fe3-4753-aebe-3612f9561232", "created_on": "2022-09-03"}}, {"model": "supplier.productsubcategory", "pk": 28, "fields": {"name": "Calculators", "name_ar": "Γò¬┬║Γöÿ├ñΓò¬├│Γöÿ├ñΓò¬┬║Γò¬┬¼ Γò¬┬║Γöÿ├ñΓò¬┬íΓò¬┬║Γò¬ΓöéΓò¬┬┐Γò¬ΓîÉ", "name_fr": "Calculatrices", "name_de": "Taschenrechner", "name_en": "Calculators", "category": 4, "image": "ProductSubCategory/images/calculators7c2391d7-e037-4d79-b267-b13acbab15e2-a0.webp", "slug": "calculators7a3cd3e7-d737-45f1-b20c-1edf1b428e26", "created_on": "2022-09-03"}}, {"model": "supplier.productsubcategory", "pk": 29, "fields": {"name": "Calendars", "name_ar": "Γò¬┬║Γöÿ├ñΓò¬┬¼Γöÿ├⌐Γöÿ├¬Γöÿ├¿Γöÿ├áΓò¬┬║Γò¬┬¼", "name_fr": "Calendriers", "name_de": "Kalender", "name_en": "Calendars", "category": 4, "image": "ProductSubCategory/images/calendars0be1f8f8-ebfb-4b6b-9a7e-8ce5c9bee95d-b306.webp", "slug": "calendarsb6cfcf1b-c2ea-489b-b830-60f14df05ed7", "created_on": "2022-09-03"}}, {"model": "supplier.productsubcategory", "pk": 30, "fields": {"name": "", "name_ar": "", "name_fr": "", "name_de": "", "name_en": "", "category": 4, "image": "", "slug": "2ff9d072-a691-49e0-a332-cb1047882fd5", "created_on": "2022-09-03"}}, {"model": "supplier.productsubcategory", "pk": 31, "fields": {"name": "Plastic Products", "name_ar": "Γò¬┬║Γöÿ├ñΓöÿ├áΓöÿ├ÑΓò¬┬¼Γò¬┬╝Γò¬┬║Γò¬┬¼ Γò¬┬║Γöÿ├ñΓò¬┬┐Γöÿ├ñΓò¬┬║Γò¬ΓöéΓò¬┬¼Γöÿ├¿Γöÿ├óΓöÿ├¿Γò¬ΓîÉ", "name_fr": "Produits en plastique", "name_de": "Kunststoff-Produkte", "name_en": "Plastic Products", "category": 5, "image": "ProductSubCategory/images/plastic-products6310a8a0-740b-4fcb-bd4e-28702264af.webp", "slug": "plastic-products4438f1e6-d84d-49a6-889a-bf8716b455f1", "created_on": "2022-09-03"}}, {"model": "supplier.productsubcategory", "pk": 32, "fields": {"name": "Plastic Raw Materials", "name_ar": "Γò¬┬║Γöÿ├ñΓöÿ├áΓöÿ├¬Γò¬┬║Γò¬┬╗ Γò¬┬║Γöÿ├ñΓò¬┬½Γò¬┬║Γöÿ├á Γò¬┬║Γöÿ├ñΓò¬┬┐Γöÿ├ñΓò¬┬║Γò¬ΓöéΓò¬┬¼Γöÿ├¿Γöÿ├óΓöÿ├¿Γò¬ΓîÉ", "name_fr": "MatiΓö£┬┐res premiΓö£┬┐res en plastique", "name_de": "Kunststoffrohstoffe", "name_en": "Plastic Raw Materials", "category": 5, "image": "ProductSubCategory/images/plastic-raw-materials186dec11-ace9-4fdf-9af4-f5aeb.jpg", "slug": "plastic-raw-materialsd8f56c2b-7d62-4f5d-8f40-c57df133a66c", "created_on": "2022-09-03"}}, {"model": "supplier.productsubcategory", "pk": 33, "fields": {"name": "Rubber Products", "name_ar": "Γöÿ├áΓöÿ├ÑΓò¬┬¼Γò¬┬╝Γò¬┬║Γò¬┬¼ Γò¬┬║Γöÿ├ñΓöÿ├áΓò¬ΓòûΓò¬┬║Γò¬Γòû", "name_fr": "Produits en caoutchouc", "name_de": "Gummiprodukte", "name_en": "Rubber Products", "category": 5, "image": "ProductSubCategory/images/rubber-products7bca695f-e2b2-4079-a730-74564151fd5.jpg", "slug": "rubber-productsa5201f95-ad51-4829-ba77-7e04a3ba2b6a", "created_on": "2022-09-03"}}, {"model": "supplier.productsubcategory", "pk": 34, "fields": {"name": "Other Plastic and Rubber Products", "name_ar": "Γöÿ├áΓöÿ├ÑΓò¬┬¼Γò¬┬╝Γò¬┬║Γò¬┬¼ Γò¬┬┐Γöÿ├ñΓò¬┬║Γò¬ΓöéΓò¬┬¼Γöÿ├¿Γöÿ├óΓöÿ├¿Γò¬ΓîÉ Γöÿ├¬Γöÿ├áΓò¬ΓòûΓò¬┬║Γò¬Γòû Γò¬├║Γò¬┬½Γò¬ΓûÆΓöÿ├½", "name_fr": "Autres produits en plastique et en caoutchouc", "name_de": "Andere Plastik- und Gummiprodukte", "name_en": "Other Plastic and Rubber Products", "category": 5, "image": "ProductSubCategory/images/other-plastic-and-rubber-productsb9ba6d7d-bdc0-492.webp", "slug": "other-plastic-and-rubber-products6e066001-eb23-44cb-bd20-2cc8c2f00d8d", "created_on": "2022-09-03"}}, {"model": "supplier.productsubcategory", "pk": 35, "fields": {"name": "Animal & Veterinary", "name_ar": "Γò¬┬║Γöÿ├ñΓò¬┬íΓöÿ├¿Γöÿ├¬Γò¬┬║Γöÿ├ÑΓò¬┬║Γò¬┬¼ Γöÿ├¬Γò¬┬║Γöÿ├ñΓò¬┬┐Γöÿ├¿Γò¬ΓòûΓò¬ΓûÆΓöÿ├¿Γò¬ΓîÉ", "name_fr": "Animal et vΓö£ΓîÉtΓö£ΓîÉrinaire", "name_de": "Tier & VeterinΓö£├▒r", "name_en": "Animal & Veterinary", "category": 6, "image": "ProductSubCategory/images/animal-veterinary019aa5c4-5d69-4798-a32f-a2e3e998d.jpg", "slug": "animal-veterinary33e40dfd-b98b-425b-af10-8c55f7db5163", "created_on": "2022-09-03"}}, {"model": "supplier.productsubcategory", "pk": 36, "fields": {"name": "Health Care Products", "name_ar": "Γöÿ├áΓöÿ├ÑΓò¬┬¼Γò¬┬╝Γò¬┬║Γò¬┬¼ Γò¬┬║Γöÿ├ñΓò¬ΓûÆΓò¬ΓòúΓò¬┬║Γöÿ├¿Γò¬ΓîÉ Γò¬┬║Γöÿ├ñΓò¬ΓòíΓò¬┬íΓöÿ├¿Γò¬ΓîÉ", "name_fr": "Produits de santΓö£ΓîÉ", "name_de": "Gesundheitsprodukte", "name_en": "Health Care Products", "category": 6, "image": "ProductSubCategory/images/health-care-products772911ec-c3b8-4c2a-9dd5-acbc7c.jpg", "slug": "health-care-products5cb9af37-561e-45c2-8718-757a2fb18604", "created_on": "2022-09-03"}}, {"model": "supplier.productsubcategory", "pk": 37, "fields": {"name": "Household Medical Devices", "name_ar": "Γò¬┬║Γöÿ├ñΓò¬├║Γò¬┬╝Γöÿ├ºΓò¬ΓûôΓò¬ΓîÉ Γò¬┬║Γöÿ├ñΓò¬ΓòûΓò¬┬┐Γöÿ├¿Γò¬ΓîÉ Γò¬┬║Γöÿ├ñΓöÿ├áΓöÿ├ÑΓò¬ΓûôΓöÿ├ñΓöÿ├¿Γò¬ΓîÉ", "name_fr": "Dispositifs mΓö£ΓîÉdicaux du mΓö£ΓîÉnage", "name_de": "Haushaltsmediziner", "name_en": "Household Medical Devices", "category": 6, "image": "ProductSubCategory/images/household-medical-devicesf166746e-010c-435c-8ea1-4.jpg", "slug": "household-medical-devices8d0ce0ec-b5f3-4b6b-b078-6cc9c8e38f6d", "created_on": "2022-09-03"}}, {"model": "supplier.productsubcategory", "pk": 38, "fields": {"name": "Medical Consumables", "name_ar": "Γò¬┬║Γöÿ├ñΓöÿ├áΓöÿ├¬Γò¬┬║Γò¬┬╗ Γò¬┬║Γöÿ├ñΓò¬┬║Γò¬ΓöéΓò¬┬¼Γöÿ├ºΓöÿ├ñΓò¬┬║Γöÿ├óΓöÿ├¿Γò¬ΓîÉ Γò¬┬║Γöÿ├ñΓò¬ΓòûΓò¬┬┐Γöÿ├¿Γò¬ΓîÉ", "name_fr": "Consommables mΓö£ΓîÉdicaux", "name_de": "Medizinische Verbrauchsmaterialien", "name_en": "Medical Consumables", "category": 6, "image": "ProductSubCategory/images/medical-consumablesd3a6d4cb-8c74-4300-b635-6f16551.webp", "slug": "medical-consumablesbe52787e-f281-4d3a-ae9a-5fd65c121268", "created_on": "2022-09-03"}}, {"model": "supplier.productsubcategory", "pk": 39, "fields": {"name": "Professional Medical Devices", "name_ar": "Γò¬┬║Γöÿ├ñΓò¬├║Γò¬┬╝Γöÿ├ºΓò¬ΓûôΓò¬ΓîÉ Γò¬┬║Γöÿ├ñΓò¬ΓòûΓò¬┬┐Γöÿ├¿Γò¬ΓîÉ Γò¬┬║Γöÿ├ñΓöÿ├áΓöÿ├ºΓöÿ├ÑΓöÿ├¿Γò¬ΓîÉ", "name_fr": "Dispositifs mΓö£ΓîÉdicaux professionnels", "name_de": "Professionelle medizinische GerΓö£├▒te", "name_en": "Professional Medical Devices", "category": 6, "image": "ProductSubCategory/images/professional-medical-devices303c5d91-af7e-4b11-ad2.webp", "slug": "professional-medical-devices84bbdd0d-eb10-42a6-8f3d-5efd75bb0654", "created_on": "2022-09-03"}}, {"model": "supplier.productsubcategory", "pk": 40, "fields": {"name": "Sex Products", "name_ar": "Γöÿ├áΓöÿ├ÑΓò¬┬¼Γò¬┬╝Γò¬┬║Γò¬┬¼ Γò¬┬║Γöÿ├ñΓò¬┬╝Γöÿ├ÑΓò¬Γöé", "name_fr": "Produits sexuels", "name_de": "Sexprodukte", "name_en": "Sex Products", "category": 6, "image": "ProductSubCategory/images/sex-products99d7ad8a-ddfd-4a14-97cc-cae2ff9570c7-0.webp", "slug": "sex-products2ede3c17-47fd-41ff-9096-4b08988efa13", "created_on": "2022-09-03"}}, {"model": "supplier.productsubcategory", "pk": 41, "fields": {"name": "Other Medical Products", "name_ar": "Γöÿ├áΓöÿ├ÑΓò¬┬¼Γò¬┬╝Γò¬┬║Γò¬┬¼ Γò¬ΓòûΓò¬┬┐Γöÿ├¿Γò¬ΓîÉ Γò¬├║Γò¬┬½Γò¬ΓûÆΓöÿ├½", "name_fr": "Autres produits mΓö£ΓîÉdicaux", "name_de": "Andere medizinische Produkte", "name_en": "Other Medical Products", "category": 6, "image": "ProductSubCategory/images/other-medical-products5c917428-5c46-4b5f-bfd1-d6fa.jpg", "slug": "other-medical-products3b60a58f-4b07-44de-b4c6-39741ae40a7c", "created_on": "2022-09-03"}}, {"model": "supplier.productsubcategory", "pk": 42, "fields": {"name": "Beads & Jewelry Making", "name_ar": "Γò¬┬║Γöÿ├ñΓò¬┬½Γò¬ΓûÆΓò¬Γûô Γöÿ├¬Γò¬ΓòíΓöÿ├ÑΓò¬Γòú Γò¬┬║Γöÿ├ñΓöÿ├áΓò¬┬╝Γöÿ├¬Γöÿ├ºΓò¬ΓûÆΓò¬┬║Γò¬┬¼", "name_fr": "Perles et bijoux", "name_de": "Perlen und SchmuckzustΓö£├▒nde", "name_en": "Beads & Jewelry Making", "category": 7, "image": "ProductSubCategory/images/beads-jewelry-makingc7ef8b82-44ad-4ca5-bad3-6fa1ee.jpg", "slug": "beads-jewelry-making3f49478d-e6c4-4121-ab87-1afbbbcf0d52", "created_on": "2022-09-03"}}, {"model": "supplier.productsubcategory", "pk": 43, "fields": {"name": "Wedding & Engagement Jewelry", "name_ar": "Γöÿ├áΓò¬┬╝Γöÿ├¬Γöÿ├ºΓò¬ΓûÆΓò¬┬║Γò¬┬¼ Γò¬┬║Γöÿ├ñΓò¬ΓûôΓöÿ├╝Γò¬┬║Γöÿ├╝ Γöÿ├¬Γò¬┬║Γöÿ├ñΓöÿ├áΓò¬ΓöñΓò¬┬║Γò¬ΓûÆΓöÿ├óΓò¬ΓîÉ", "name_fr": "Bijoux de mariage et de fianΓö£┬║ailles", "name_de": "Hochzeits- und Verlobungsschmuck", "name_en": "Wedding & Engagement Jewelry", "category": 7, "image": "ProductSubCategory/images/wedding-engagement-jewelry1529995a-c32e-4964-a12e-.jpg", "slug": "wedding-engagement-jewelry60510adc-c503-46af-9964-0104c4dc68df", "created_on": "2022-09-03"}}, {"model": "supplier.productsubcategory", "pk": 44, "fields": {"name": "Earrings", "name_ar": "Γò¬┬║Γöÿ├ñΓò¬├║Γöÿ├⌐Γò¬ΓûÆΓò¬┬║Γò¬Γòû", "name_fr": "Des boucles d'oreilles", "name_de": "Ohrringe", "name_en": "Earrings", "category": 7, "image": "ProductSubCategory/images/earrings03055561-aa2a-4934-917c-3d5e4c13e9a0-df861.jpg", "slug": "earrings76246fab-ad69-4c39-bde7-94ec9dfc8e32", "created_on": "2022-09-03"}}, {"model": "supplier.productsubcategory", "pk": 45, "fields": {"name": "Necklaces & Pendants", "name_ar": "Γöÿ├⌐Γöÿ├ñΓò¬┬║Γò¬┬¬Γò¬┬╗", "name_fr": "colliers et pendentifs", "name_de": "Halsketten und AnhΓö£├▒nger", "name_en": "Necklaces & Pendants", "category": 7, "image": "ProductSubCategory/images/necklaces-pendants9bd3304c-2f04-4736-81d7-ea2fa8e0.jpg", "slug": "necklaces-pendants1abae5aa-74cf-4a22-b2d7-ae6d52e6e7ca", "created_on": "2022-09-03"}}, {"model": "supplier.productsubcategory", "pk": 46, "fields": {"name": "Bracelets & Bangles", "name_ar": "Γò¬├║Γò¬ΓöéΓò¬┬║Γöÿ├¬Γò¬ΓûÆ", "name_fr": "Bracelets et bracelets", "name_de": "ArmbΓö£├▒nder & Armreifen", "name_en": "Bracelets & Bangles", "category": 7, "image": "ProductSubCategory/images/bracelets-banglesd66b5510-b0bc-4d1e-9343-c2b2c7973.jpg", "slug": "bracelets-bangles274f5b29-5abc-4cef-9915-17d7d96ad73a", "created_on": "2022-09-03"}}, {"model": "supplier.productsubcategory", "pk": 47, "fields": {"name": "Other Jewelry", "name_ar": "Γöÿ├áΓò¬┬╝Γöÿ├¬Γöÿ├ºΓò¬ΓûÆΓò¬┬║Γò¬┬¼ Γò¬├║Γò¬┬½Γò¬ΓûÆΓöÿ├½", "name_fr": "Autres bijoux", "name_de": "Anderer Schmuck", "name_en": "Other Jewelry", "category": 7, "image": "ProductSubCategory/images/other-jewelry306acac5-ddb0-4bc8-94c5-4059dc79ca93-.jpg", "slug": "other-jewelry0d699f62-5f70-405e-b708-b5bca56543b1", "created_on": "2022-09-03"}}, {"model": "supplier.productsubcategory", "pk": 48, "fields": {"name": "Baby Food", "name_ar": "Γò¬├║Γò¬ΓòæΓò¬ΓûæΓöÿ├¿Γò¬ΓîÉ Γò¬┬║Γöÿ├ñΓò¬├║Γò¬ΓòûΓöÿ├╝Γò¬┬║Γöÿ├ñ", "name_fr": "Nourriture pour bΓö£ΓîÉbΓö£ΓîÉs", "name_de": "Babynahrung", "name_en": "Baby Food", "category": 8, "image": "ProductSubCategory/images/baby-fooda2e46b05-49bd-4e84-8b24-9e4c0208dadb-6a7a.webp", "slug": "baby-food681bd5ed-7d5f-4fbe-8654-3ead122fd3a6", "created_on": "2022-09-03"}}, {"model": "supplier.productsubcategory", "pk": 49, "fields": {"name": "Baked Foods", "name_ar": "Γò¬┬║Γöÿ├ñΓò¬├║Γò¬ΓòûΓò¬ΓòúΓöÿ├áΓò¬ΓîÉ Γò¬┬║Γöÿ├ñΓöÿ├áΓò¬┬½Γò¬┬┐Γöÿ├¬Γò¬ΓûôΓò¬ΓîÉ", "name_fr": "Aliments au four", "name_de": "Gebackene Lebensmittel", "name_en": "Baked Foods", "category": 8, "image": "ProductSubCategory/images/baked-foodsd568d058-87f8-4d8c-99ec-8b6fe2601baa-eb.webp", "slug": "baked-foodsfb14a40c-d4c7-4ad5-ab04-296d600bc718", "created_on": "2022-09-03"}}, {"model": "supplier.productsubcategory", "pk": 50, "fields": {"name": "Beverages", "name_ar": "Γò¬┬║Γöÿ├ñΓöÿ├áΓò¬ΓöñΓò¬ΓûÆΓöÿ├¬Γò¬┬┐Γò¬┬║Γò¬┬¼", "name_fr": "Breuvages", "name_de": "GetrΓö£├▒nke", "name_en": "Beverages", "category": 8, "image": "ProductSubCategory/images/beveragesc8c4a54e-5159-4ceb-b0d1-c012ece6f41c-00ba.webp", "slug": "beveragescbd012e5-5774-4cd1-adfb-6288a9ccdc94", "created_on": "2022-09-03"}}, {"model": "supplier.productsubcategory", "pk": 51, "fields": {"name": "Canned Food", "name_ar": "Γò¬ΓòûΓò¬ΓòúΓò¬┬║Γöÿ├á Γöÿ├áΓò¬ΓòúΓöÿ├ñΓò¬┬┐", "name_fr": "Nourriture en boΓö£┬½te", "name_de": "Dosen Essen", "name_en": "Canned Food", "category": 8, "image": "ProductSubCategory/images/canned-food74c71796-71c3-4f2e-ad71-ccecd5812233-21.webp", "slug": "canned-food79e7ae9c-16e8-4388-aa56-ab953bc3c20f", "created_on": "2022-09-03"}}, {"model": "supplier.productsubcategory", "pk": 52, "fields": {"name": "Confectionery", "name_ar": "Γò¬┬║Γöÿ├ñΓò¬┬íΓöÿ├ñΓöÿ├¬Γöÿ├¿Γò¬┬║Γò¬┬¼", "name_fr": "Confiserie", "name_de": "SΓö£Γò¥Γö£╞Æwaren", "name_en": "Confectionery", "category": 8, "image": "ProductSubCategory/images/confectionery48388651-5555-49ec-9fbd-38268778f916-.webp", "slug": "confectioneryaf34e88d-9405-41e6-9874-a4e05e0c120b", "created_on": "2022-09-03"}}, {"model": "supplier.productsubcategory", "pk": 53, "fields": {"name": "Dairy Products", "name_ar": "Γöÿ├áΓöÿ├ÑΓò¬┬¼Γò¬┬╝Γò¬┬║Γò¬┬¼ Γò¬┬║Γöÿ├ñΓò¬├║Γöÿ├ñΓò¬┬┐Γò¬┬║Γöÿ├Ñ", "name_fr": "Les produits laitiers", "name_de": "Milchprodukte", "name_en": "Dairy Products", "category": 8, "image": "ProductSubCategory/images/dairy-productsc33d7c3e-6fb8-46ef-9a39-be38dd0c6a7c.webp", "slug": "dairy-productsb48b43ef-b19f-48e8-aeb1-86bcd7a00156", "created_on": "2022-09-03"}}, {"model": "supplier.productsubcategory", "pk": 54, "fields": {"name": "Egg Products", "name_ar": "Γöÿ├áΓöÿ├ÑΓò¬┬¼Γò¬┬╝Γò¬┬║Γò¬┬¼ Γò¬┬║Γöÿ├ñΓò¬┬┐Γöÿ├¿Γò¬Γòó", "name_fr": "Produits d'oeuf", "name_de": "Eierprodukte", "name_en": "Egg Products", "category": 8, "image": "ProductSubCategory/images/egg-productsed6e4d5e-e1e6-4b14-ae01-34f3497eb460-b.webp", "slug": "egg-products5868ac8e-a7e1-48e0-9da1-2b12d9f012c9", "created_on": "2022-09-03"}}, {"model": "supplier.productsubcategory", "pk": 55, "fields": {"name": "Other Food", "name_ar": "Γò¬ΓòûΓò¬ΓòúΓò¬┬║Γöÿ├á Γò¬├│Γò¬┬½Γò¬ΓûÆ", "name_fr": "Autre nourriture", "name_de": "Anderes Essen", "name_en": "Other Food", "category": 8, "image": "ProductSubCategory/images/other-food8b2ce97f-cbce-4b5c-af95-3a9d2a4bb91b-338.webp", "slug": "other-foodef14903d-5ab1-4769-bdaa-62062347098a", "created_on": "2022-09-03"}}, {"model": "supplier.productsubcategory", "pk": 56, "fields": {"name": "Environmental Products", "name_ar": "Γò¬┬║Γöÿ├ñΓöÿ├áΓöÿ├ÑΓò¬┬¼Γò¬┬╝Γò¬┬║Γò¬┬¼ Γò¬┬║Γöÿ├ñΓò¬┬┐Γöÿ├¿Γò¬┬¬Γöÿ├¿Γò¬ΓîÉ", "name_fr": "Produits environnementaux", "name_de": "Umweltprodukte", "name_en": "Environmental Products", "category": 9, "image": "ProductSubCategory/images/environmental-productsdaefd254-5f2c-4791-be2b-eb59.jpg", "slug": "environmental-products0b449ec4-29b0-4c42-ba13-46e5fe7b023e", "created_on": "2022-09-03"}}, {"model": "supplier.productsubcategory", "pk": 57, "fields": {"name": "Other Environment and Recycling Products", "name_ar": "Γò¬┬┐Γöÿ├¿Γò¬┬¬Γò¬ΓîÉ Γò¬├║Γò¬┬½Γò¬ΓûÆΓöÿ├½ Γöÿ├¬Γöÿ├áΓöÿ├ÑΓò¬┬¼Γò¬┬╝Γò¬┬║Γò¬┬¼ Γò¬├æΓò¬ΓòúΓò¬┬║Γò¬┬╗Γò¬ΓîÉ Γò¬┬║Γöÿ├ñΓò¬┬¼Γò¬┬╗Γöÿ├¬Γöÿ├¿Γò¬ΓûÆ", "name_fr": "Autres produits environnementaux et recyclage", "name_de": "Andere Umgebung und Recyclingprodukte", "name_en": "Other Environment and Recycling Products", "category": 9, "image": "ProductSubCategory/images/other-environment-and-recycling-products23606386-1.jpg", "slug": "other-environment-and-recycling-products70e901ed-d2f1-4506-86b8-5bf3adfdc5a2", "created_on": "2022-09-03"}}, {"model": "supplier.productsubcategory", "pk": 58, "fields": {"name": "Recycling Products", "name_ar": "Γöÿ├áΓöÿ├ÑΓò¬┬¼Γò¬┬╝Γò¬┬║Γò¬┬¼ Γò¬├æΓò¬ΓòúΓò¬┬║Γò¬┬╗Γò¬ΓîÉ Γò¬┬║Γöÿ├ñΓò¬┬¼Γò¬┬╗Γöÿ├¬Γöÿ├¿Γò¬ΓûÆ", "name_fr": "Recyclage des produits", "name_de": "Recyclingprodukte", "name_en": "Recycling Products", "category": 9, "image": "ProductSubCategory/images/recycling-productsf6e88d90-91d3-422e-b44c-1de83be4.jpg", "slug": "recycling-products451876c7-164f-47f4-885d-71ee21ea07a3", "created_on": "2022-09-03"}}, {"model": "supplier.productsubcategory", "pk": 59, "fields": {"name": "Biodiesel and Biogas", "name_ar": "Γöÿ├¬Γöÿ├⌐Γöÿ├¬Γò¬┬╗ Γò¬┬║Γöÿ├ñΓò¬┬╗Γöÿ├¿Γò¬ΓûôΓöÿ├ñ Γò¬┬║Γöÿ├ñΓò¬┬íΓöÿ├¿Γöÿ├¬Γöÿ├¿ Γöÿ├¬Γò¬┬║Γöÿ├ñΓò¬ΓòæΓò¬┬║Γò¬Γûô Γò¬┬║Γöÿ├ñΓò¬┬íΓöÿ├¿Γöÿ├¬Γöÿ├¿", "name_fr": "Biodiesel et biogaz", "name_de": "Biodiesel und Biogas", "name_en": "Biodiesel and Biogas", "category": 10, "image": "ProductSubCategory/images/biodiesel-and-biogaseb88cfae-e81e-4477-8f80-d07242.jpg", "slug": "biodiesel-and-biogasb7459efa-2001-4d07-8d7e-f9036e7dc91d", "created_on": "2022-09-03"}}, {"model": "supplier.productsubcategory", "pk": 60, "fields": {"name": "Charcoal and Coal", "name_ar": "Γò¬┬║Γöÿ├ñΓöÿ├╝Γò¬┬íΓöÿ├á Γöÿ├¬Γò¬┬║Γöÿ├ñΓöÿ├╝Γò¬┬íΓöÿ├á", "name_fr": "Charbon de bois et charbon", "name_de": "Holzkohle und Kohle", "name_en": "Charcoal and Coal", "category": 10, "image": "ProductSubCategory/images/charcoal-and-coal53a19c0d-b359-4636-9ee0-f4f40290d.webp", "slug": "charcoal-and-coal3292239d-9a37-43ec-82da-e1ee75b22dde", "created_on": "2022-09-03"}}, {"model": "supplier.productsubcategory", "pk": 61, "fields": {"name": "Solar", "name_ar": "Γò¬ΓöñΓöÿ├áΓò¬ΓöéΓöÿ├¿", "name_fr": "Solaire", "name_de": "Solar", "name_en": "Solar", "category": 10, "image": "ProductSubCategory/images/solar16841afc-a128-4da1-b4f4-a632deb24b6c-f08ea996.webp", "slug": "solar8a29a63e-b3d6-4eb6-afeb-24a841a05f07", "created_on": "2022-09-03"}}, {"model": "supplier.productsubcategory", "pk": 62, "fields": {"name": "Other Energy Sector Products", "name_ar": "Γöÿ├áΓöÿ├ÑΓò¬┬¼Γò¬┬╝Γò¬┬║Γò¬┬¼ Γöÿ├⌐Γò¬ΓòûΓò¬┬║Γò¬Γòú Γò¬┬║Γöÿ├ñΓò¬ΓòûΓò¬┬║Γöÿ├⌐Γò¬ΓîÉ Γò¬┬║Γöÿ├ñΓò¬├║Γò¬┬½Γò¬ΓûÆΓöÿ├½", "name_fr": "Autres produits du secteur de l'Γö£ΓîÉnergie", "name_de": "Andere Produkte des Energiesektors", "name_en": "Other Energy Sector Products", "category": 10, "image": "ProductSubCategory/images/other-energy-sector-products149a9675-7712-4654-921.webp", "slug": "other-energy-sector-productsc251a3d5-1fae-4fc2-a4f1-8da08d499aab", "created_on": "2022-09-03"}}, {"model": "supplier.productsubcategory", "pk": 63, "fields": {"name": "Electrical Instruments", "name_ar": "Γò¬┬║Γöÿ├ñΓò¬├║Γò¬┬╗Γöÿ├¬Γò¬┬║Γò¬┬¼ Γò¬┬║Γöÿ├ñΓöÿ├óΓöÿ├ºΓò¬ΓûÆΓò¬┬┐Γò¬┬║Γò¬┬¬Γöÿ├¿Γò¬ΓîÉ", "name_fr": "Instruments Γö£ΓîÉlectriques", "name_de": "Elektrische Instrumente", "name_en": "Electrical Instruments", "category": 11, "image": "ProductSubCategory/images/electrical-instruments31ceff44-0214-4283-a838-9d12.jpg", "slug": "electrical-instruments2a1a0adc-5274-4d67-bfd7-88f65fcf1d65", "created_on": "2022-09-03"}}, {"model": "supplier.productsubcategory", "pk": 64, "fields": {"name": "Electrical Supplies", "name_ar": "Γò¬┬║Γöÿ├ñΓöÿ├ñΓöÿ├¬Γò¬┬║Γò¬ΓûôΓöÿ├á Γò¬┬║Γöÿ├ñΓöÿ├óΓöÿ├ºΓò¬ΓûÆΓò¬┬┐Γò¬┬║Γò¬┬¬Γöÿ├¿Γò¬ΓîÉ", "name_fr": "Materiel electrique", "name_de": "Elektrischen AusrΓö£Γò¥stungen", "name_en": "Electrical Supplies", "category": 11, "image": "ProductSubCategory/images/electrical-supplies6641051e-4e9e-4b22-8551-573b365.jpg", "slug": "electrical-suppliescb5405b7-1f66-489a-93ed-4b30e8169d8e", "created_on": "2022-09-03"}}, {"model": "supplier.productsubcategory", "pk": 65, "fields": {"name": "Generators", "name_ar": "Γöÿ├áΓöÿ├¬Γöÿ├ñΓò¬┬╗Γò¬┬║Γò¬┬¼ Γöÿ├óΓöÿ├ºΓò¬ΓûÆΓò¬┬┐Γò¬┬║Γò¬├¡", "name_fr": "Generators", "name_de": "Generatoren", "name_en": "Generators", "category": 11, "image": "ProductSubCategory/images/generatorsc6d109e6-2596-4070-900e-49b0d5c69eee-62c.jpg", "slug": "generatorse02253da-4264-47c3-a3b2-b7b5262dad41", "created_on": "2022-09-03"}}, {"model": "supplier.productsubcategory", "pk": 66, "fields": {"name": "Industrial Controls", "name_ar": "Γò¬┬║Γöÿ├ñΓò¬ΓòóΓöÿ├¬Γò¬┬║Γò¬┬┐Γò¬Γòû Γò¬┬║Γöÿ├ñΓò¬ΓòíΓöÿ├ÑΓò¬┬║Γò¬ΓòúΓöÿ├¿Γò¬ΓîÉ", "name_fr": "Commandes industrielles", "name_de": "Industriekontrollen", "name_en": "Industrial Controls", "category": 11, "image": "ProductSubCategory/images/industrial-controlsf22a968f-3be8-4d38-a254-7dd7074.webp", "slug": "industrial-controls98dfef42-2da3-4f58-a6bc-d83feae7c9a2", "created_on": "2022-09-03"}}, {"model": "supplier.productsubcategory", "pk": 67, "fields": {"name": "Low Voltage Products", "name_ar": "Γöÿ├áΓöÿ├ÑΓò¬┬¼Γò¬┬╝Γò¬┬║Γò¬┬¼ Γò¬┬║Γöÿ├ñΓò¬┬╝Γöÿ├ºΓò¬┬╗ Γò¬┬║Γöÿ├ñΓöÿ├áΓöÿ├ÑΓò¬┬½Γöÿ├╝Γò¬Γòó", "name_fr": "Produits basse tension", "name_de": "Niedrige Spannungsprodukte", "name_en": "Low Voltage Products", "category": 11, "image": "ProductSubCategory/images/low-voltage-products3b31fc5b-ba64-43c8-b0b1-957d01.jpg", "slug": "low-voltage-products6789f51c-ad21-41e9-869d-bbbd92b9661e", "created_on": "2022-09-03"}}, {"model": "supplier.productsubcategory", "pk": 68, "fields": {"name": "Medium & High Voltage Products", "name_ar": "Γöÿ├áΓöÿ├ÑΓò¬┬¼Γò¬┬╝Γò¬┬║Γò¬┬¼ Γò¬┬║Γöÿ├ñΓò¬┬╝Γöÿ├ºΓò¬┬╗ Γò¬┬║Γöÿ├ñΓöÿ├áΓò¬┬¼Γöÿ├¬Γò¬ΓöéΓò¬Γòû Γöÿ├¬Γò¬┬║Γöÿ├ñΓò¬ΓòúΓò¬┬║Γöÿ├ñΓöÿ├¿", "name_fr": "Produits moyens et haute tension", "name_de": "Medien- und Hochspannungsprodukte", "name_en": "Medium & High Voltage Products", "category": 11, "image": "ProductSubCategory/images/medium-high-voltage-products87cc2e4f-1963-403a-967.jpg", "slug": "medium-high-voltage-productsc0573d23-1c40-4899-9313-c203bf54eb8e", "created_on": "2022-09-03"}}, {"model": "supplier.productsubcategory", "pk": 69, "fields": {"name": "Power Supplies", "name_ar": "Γöÿ├áΓò¬ΓûôΓöÿ├¬Γò¬┬╗Γò¬┬║Γò¬┬¼ Γò¬┬║Γöÿ├ñΓò¬ΓòûΓò¬┬║Γöÿ├⌐Γò¬ΓîÉ", "name_fr": "Alimentation Γö£ΓîÉlectrique", "name_de": "Netzteile", "name_en": "Power Supplies", "category": 11, "image": "ProductSubCategory/images/power-suppliesdf8cf19e-149d-42f6-a08d-24d6c7ee30f9.jpg", "slug": "power-suppliesc4401cdb-157b-437e-97fa-576d9bfb79fc", "created_on": "2022-09-03"}}, {"model": "supplier.productsubcategory", "pk": 70, "fields": {"name": "Other Electrical Equipment", "name_ar": "Γöÿ├áΓò¬ΓòúΓò¬┬╗Γò¬┬║Γò¬┬¼ Γöÿ├óΓöÿ├ºΓò¬ΓûÆΓò¬┬┐Γò¬┬║Γò¬┬¬Γöÿ├¿Γò¬ΓîÉ Γò¬├║Γò¬┬½Γò¬ΓûÆΓöÿ├½", "name_fr": "Autres Γö£ΓîÉquipements Γö£ΓîÉlectriques", "name_de": "Andere elektrische GerΓö£├▒te", "name_en": "Other Electrical Equipment", "category": 11, "image": "ProductSubCategory/images/other-electrical-equipmentb1226bbe-cb93-471c-ac09-.jpg", "slug": "other-electrical-equipment4e96af05-1305-482c-a87d-24752da191ae", "created_on": "2022-09-03"}}, {"model": "supplier.productsubcategory", "pk": 71, "fields": {"name": "Camera, Photo & Accessories", "name_ar": "Γò¬┬║Γöÿ├ñΓöÿ├óΓò¬┬║Γöÿ├áΓöÿ├¿Γò¬ΓûÆΓò¬┬║ Γöÿ├¬Γò¬┬║Γöÿ├ñΓò¬ΓòíΓöÿ├¬Γò¬ΓûÆ Γöÿ├¬Γò¬┬║Γöÿ├ñΓöÿ├áΓöÿ├ñΓò¬┬íΓöÿ├⌐Γò¬┬║Γò¬┬¼", "name_fr": "Appareil photo, photo et accessoires", "name_de": "Kamera, Foto und ZubehΓö£Γòór", "name_en": "Camera, Photo & Accessories", "category": 12, "image": "ProductSubCategory/images/camera-photo-accessories4f52b9a6-6fc3-4ac1-91ce-56.webp", "slug": "camera-photo-accessories5cdae4b8-1c1f-4778-9ba2-9c5fee2794a4", "created_on": "2022-09-03"}}, {"model": "supplier.productsubcategory", "pk": 72, "fields": {"name": "Chargers, Batteries & Power Supplies", "name_ar": "Γò¬├║Γò¬┬╝Γöÿ├ºΓò¬ΓûôΓò¬ΓîÉ Γò¬┬║Γöÿ├ñΓò¬ΓöñΓò¬┬íΓöÿ├Ñ Γöÿ├¬Γò¬┬║Γöÿ├ñΓò¬┬┐Γò¬ΓòûΓò¬┬║Γò¬ΓûÆΓöÿ├¿Γò¬┬║Γò¬┬¼ Γöÿ├¬Γöÿ├áΓò¬ΓöéΓò¬┬¼Γöÿ├ñΓò¬ΓûôΓöÿ├áΓò¬┬║Γò¬┬¼ Γò¬┬║Γöÿ├ñΓò¬ΓòûΓò¬┬║Γöÿ├⌐Γò¬ΓîÉ", "name_fr": "Chargeurs, batteries et alimentations", "name_de": "LadegerΓö£├▒te, Batterien und Netzteile", "name_en": "Chargers, Batteries & Power Supplies", "category": 12, "image": "ProductSubCategory/images/chargers-batteries-power-suppliesab26032e-8601-4de.jpg", "slug": "chargers-batteries-power-suppliesa3be3640-1974-44ca-aa45-f4f2ed12d81b", "created_on": "2022-09-03"}}, {"model": "supplier.productsubcategory", "pk": 73, "fields": {"name": "Computer Hardware & Software", "name_ar": "Γò¬├║Γò¬┬╝Γöÿ├ºΓò¬ΓûôΓò¬ΓîÉ Γò¬┬║Γöÿ├ñΓöÿ├óΓöÿ├áΓò¬┬┐Γöÿ├¿Γöÿ├¬Γò¬┬¼Γò¬ΓûÆ Γöÿ├¬Γò¬┬║Γöÿ├ñΓò¬┬┐Γò¬ΓûÆΓò¬┬║Γöÿ├áΓò¬┬╝", "name_fr": "MatΓö£ΓîÉriel informatique et logiciel", "name_de": "Computerhardware und Software", "name_en": "Computer Hardware & Software", "category": 12, "image": "ProductSubCategory/images/computer-hardware-softwarebd2c5d7a-133a-4f10-870c-.webp", "slug": "computer-hardware-software78511ae5-faf8-42a7-8567-c8af0a43bcc9", "created_on": "2022-09-03"}}, {"model": "supplier.productsubcategory", "pk": 74, "fields": {"name": "Earphone & Headphone & Accessories", "name_ar": "Γò¬ΓöéΓöÿ├áΓò¬┬║Γò¬ΓòúΓò¬ΓîÉ Γò¬┬║Γöÿ├ñΓò¬├║Γò¬ΓûæΓöÿ├Ñ Γöÿ├¬Γò¬ΓöéΓöÿ├áΓò¬┬║Γò¬ΓòúΓò¬┬║Γò¬┬¼ Γò¬┬║Γöÿ├ñΓò¬ΓûÆΓò¬├║Γò¬Γöé Γöÿ├¬Γò¬┬║Γöÿ├ñΓöÿ├áΓöÿ├ñΓò¬┬íΓöÿ├⌐Γò¬┬║Γò¬┬¼", "name_fr": "Γö£├½couteurs et casque et accessoires", "name_de": "Kopfhone und KopfhΓö£Γòórer und ZubehΓö£Γòór", "name_en": "Earphone & Headphone & Accessories", "category": 12, "image": "ProductSubCategory/images/earphone-headphone-accessories41a66ae0-10ca-4449-a.webp", "slug": "earphone-headphone-accessoriesdceb562f-8ee3-4122-b532-269abd4b41c5", "created_on": "2022-09-03"}}, {"model": "supplier.productsubcategory", "pk": 75, "fields": {"name": "Electronic Publications", "name_ar": "Γò¬┬║Γöÿ├ñΓöÿ├áΓöÿ├ÑΓò¬ΓöñΓöÿ├¬Γò¬ΓûÆΓò¬┬║Γò¬┬¼ Γò¬┬║Γöÿ├ñΓò¬├æΓöÿ├ñΓöÿ├óΓò¬┬¼Γò¬ΓûÆΓöÿ├¬Γöÿ├ÑΓöÿ├¿Γò¬ΓîÉ", "name_fr": "Publications Γö£ΓîÉlectroniques", "name_de": "Elektronische VerΓö£Γòóffentlichungen", "name_en": "Electronic Publications", "category": 12, "image": "ProductSubCategory/images/electronic-publications52748f03-97d2-492b-accf-4f2.webp", "slug": "electronic-publications093e4966-9ff9-498b-916d-86df0c77080c", "created_on": "2022-09-03"}}, {"model": "supplier.productsubcategory", "pk": 76, "fields": {"name": "Home Audio, Video Accessories", "name_ar": "Γò¬┬║Γöÿ├ñΓò¬ΓòíΓöÿ├¬Γò¬┬¼ Γò¬┬║Γöÿ├ñΓöÿ├áΓöÿ├ÑΓò¬ΓûôΓöÿ├ñΓöÿ├¿ Γò¬├« Γöÿ├áΓöÿ├ñΓò¬┬íΓöÿ├⌐Γò¬┬║Γò¬┬¼ Γò¬┬║Γöÿ├ñΓöÿ├╝Γöÿ├¿Γò¬┬╗Γöÿ├¿Γöÿ├¬", "name_fr": "Audio domestique, accessoires vidΓö£ΓîÉo", "name_de": "Home -Audio, VideozubehΓö£Γòór", "name_en": "Home Audio, Video Accessories", "category": 12, "image": "ProductSubCategory/images/home-audio-video-accessories54656dbf-b423-4089-848.webp", "slug": "home-audio-video-accessories9774dc16-56fd-46b2-8bdd-de9915dd6295", "created_on": "2022-09-03"}}, {"model": "supplier.productsubcategory", "pk": 77, "fields": {"name": "Mobile Phone & Accessories", "name_ar": "Γöÿ├áΓöÿ├ñΓò¬┬íΓöÿ├⌐Γò¬┬║Γò¬┬¼ Γò¬┬║Γöÿ├ñΓöÿ├ºΓò¬┬║Γò¬┬¼Γöÿ├╝ Γò¬┬║Γöÿ├ñΓöÿ├áΓò¬┬íΓöÿ├áΓöÿ├¬Γöÿ├ñ", "name_fr": "Accessoires de tΓö£ΓîÉlΓö£ΓîÉphonie mobile", "name_de": "Handy-ZubehΓö£Γòór", "name_en": "Mobile Phone & Accessories", "category": 12, "image": "ProductSubCategory/images/mobile-phone-accessories01beba14-fbf0-4fbf-944d-fb.webp", "slug": "mobile-phone-accessoriesea20d398-c774-4d7f-95ec-aa3969d51ca4", "created_on": "2022-09-03"}}, {"model": "supplier.productsubcategory", "pk": 78, "fields": {"name": "Other Consumer Electronics", "name_ar": "Γò¬├æΓöÿ├ñΓöÿ├óΓò¬┬¼Γò¬ΓûÆΓöÿ├¬Γöÿ├ÑΓöÿ├¿Γò¬┬║Γò¬┬¼ Γò¬┬║Γöÿ├ñΓöÿ├áΓò¬ΓöéΓò¬┬¼Γöÿ├ºΓöÿ├ñΓöÿ├ó Γò¬┬║Γöÿ├ñΓò¬├║Γò¬┬½Γò¬ΓûÆΓöÿ├½", "name_fr": "Autres Γö£ΓîÉlectroniques grand public", "name_de": "Andere Unterhaltungselektronik", "name_en": "Other Consumer Electronics", "category": 12, "image": "ProductSubCategory/images/other-consumer-electronicse9838de0-6d2c-482d-80c9-.webp", "slug": "other-consumer-electronics083a2c89-add4-464f-8f36-d2a7615429ec", "created_on": "2022-09-03"}}, {"model": "supplier.productsubcategory", "pk": 79, "fields": {"name": "Alarms", "name_ar": "Γò¬├æΓöÿ├ÑΓò¬ΓûæΓò¬┬║Γò¬ΓûÆ", "name_fr": "Alarmes", "name_de": "Alarm", "name_en": "Alarms", "category": 13, "image": "ProductSubCategory/images/alarms764d7dc0-09c4-49ad-8f33-5b7425dced02-be93d9d.webp", "slug": "alarmsb5787f3f-bd44-4c81-a41e-0333eb65a7bb", "created_on": "2022-09-03"}}, {"model": "supplier.productsubcategory", "pk": 80, "fields": {"name": "Self Defense Supplies", "name_ar": "Γò¬├æΓöÿ├áΓò¬┬╗Γò¬┬║Γò¬┬╗Γò¬┬║Γò¬┬¼ Γò¬┬║Γöÿ├ñΓò¬┬╗Γöÿ├╝Γò¬┬║Γò¬Γòú Γò¬ΓòúΓöÿ├Ñ Γò¬┬║Γöÿ├ñΓöÿ├ÑΓöÿ├╝Γò¬Γöé", "name_fr": "Fournitures d'autodΓö£ΓîÉfense", "name_de": "SelbstverteidigungsvorrΓö£├▒te", "name_en": "Self Defense Supplies", "category": 13, "image": "ProductSubCategory/images/self-defense-supplies02a89d0f-317c-4b24-8404-7b176.jpg", "slug": "self-defense-supplies49898ba8-9c46-4a1f-905e-cd88cdce0b84", "created_on": "2022-09-03"}}, {"model": "supplier.productsubcategory", "pk": 81, "fields": {"name": "Surveillance Products", "name_ar": "Γöÿ├áΓöÿ├ÑΓò¬┬¼Γò¬┬╝Γò¬┬║Γò¬┬¼ Γò¬┬║Γöÿ├ñΓöÿ├áΓò¬ΓûÆΓò¬┬║Γöÿ├⌐Γò¬┬┐Γò¬ΓîÉ", "name_fr": "Produits de surveillance", "name_de": "Γö£┬úberwachungsprodukte", "name_en": "Surveillance Products", "category": 13, "image": "ProductSubCategory/images/surveillance-products36249510-9e60-47d8-95fc-da8cf.webp", "slug": "surveillance-productsfe89b273-d4cf-4f43-92f7-ad3ca9416a64", "created_on": "2022-09-03"}}, {"model": "supplier.productsubcategory", "pk": 82, "fields": {"name": "Locks & Keys", "name_ar": "Γò¬┬║Γöÿ├ñΓò¬├║Γöÿ├⌐Γöÿ├╝Γò¬┬║Γöÿ├ñ Γöÿ├¬Γò¬┬║Γöÿ├ñΓöÿ├áΓöÿ├╝Γò¬┬║Γò¬┬¼Γöÿ├¿Γò¬┬í", "name_fr": "Serrures et clΓö£ΓîÉs", "name_de": "SchlΓö£Γòósser & Keys", "name_en": "Locks & Keys", "category": 13, "image": "ProductSubCategory/images/locks-keyscd91592e-a7fd-4081-bc1a-5df5dba5cdde-8e1.jpg", "slug": "locks-keysa81b20df-166c-4327-bdf0-c0940dec6cf5", "created_on": "2022-09-03"}}, {"model": "supplier.productsubcategory", "pk": 83, "fields": {"name": "Safes", "name_ar": "Γò¬┬½Γò¬ΓûôΓò¬┬║Γò¬┬¬Γöÿ├Ñ", "name_fr": "Coffres", "name_de": "Safes", "name_en": "Safes", "category": 13, "image": "ProductSubCategory/images/safes404070bc-33f8-4de2-99b2-0e4ce07d2d29-a9098ff7.jpg", "slug": "safesc5f65bb0-511e-41db-aa46-14caf3385893", "created_on": "2022-09-03"}}, {"model": "supplier.productsubcategory", "pk": 84, "fields": {"name": "IoT Solutions & Software", "name_ar": "Γò¬┬íΓöÿ├ñΓöÿ├¬Γöÿ├ñ Γöÿ├¬Γò¬┬┐Γò¬ΓûÆΓò¬┬║Γöÿ├áΓò¬┬╝ Γò¬├æΓöÿ├ÑΓò¬┬¼Γò¬ΓûÆΓöÿ├ÑΓò¬┬¼ Γò¬┬║Γöÿ├ñΓò¬├║Γò¬ΓöñΓöÿ├¿Γò¬┬║Γò¬├¡", "name_fr": "Solutions et logiciels IoT", "name_de": "IoT Solutions & Software", "name_en": "IoT Solutions & Software", "category": 13, "image": "ProductSubCategory/images/iot-solutions-softwared18347b1-1503-458c-8fcf-5b17.webp", "slug": "iot-solutions-softwareee6f7bf3-2f9c-4659-a0ac-57b01d7779c6", "created_on": "2022-09-03"}}, {"model": "supplier.productsubcategory", "pk": 85, "fields": {"name": "", "name_ar": "", "name_fr": "", "name_de": "", "name_en": "", "category": 13, "image": "", "slug": "546681b4-c277-4828-a1cf-a1f01660a86b", "created_on": "2022-09-03"}}, {"model": "supplier.productsubcategory", "pk": 86, "fields": {"name": "Balustrades & Handrails", "name_ar": "Γò¬┬║Γöÿ├ñΓò¬┬╗Γò¬ΓûÆΓò¬┬║Γò¬┬┐Γò¬ΓûôΓöÿ├¿Γöÿ├ÑΓò¬┬║Γò¬┬¼ Γöÿ├¬Γò¬┬║Γöÿ├ñΓò¬┬╗Γò¬ΓûÆΓò¬┬║Γò¬┬┐Γò¬ΓûôΓöÿ├¿Γöÿ├Ñ", "name_fr": "Balustrades et mains courantes", "name_de": "Balustraden & HandlΓö£├▒ufe", "name_en": "Balustrades & Handrails", "category": 14, "image": "ProductSubCategory/images/balustrades-handrails870675d6-0d3c-4d07-a3c0-abd03.jpg", "slug": "balustrades-handrailsc0a70879-b91b-46a0-8fb0-bc7860731654", "created_on": "2022-09-03"}}, {"model": "supplier.productsubcategory", "pk": 87, "fields": {"name": "Bathroom & Kitchen", "name_ar": "Γò¬┬║Γöÿ├ñΓò¬┬íΓöÿ├áΓò¬┬║Γöÿ├á Γöÿ├¬Γò¬┬║Γöÿ├ñΓöÿ├áΓò¬ΓòûΓò¬┬┐Γò¬┬½", "name_fr": "Salle de bain et cuisine", "name_de": "Badezimmer & KΓö£Γò¥che", "name_en": "Bathroom & Kitchen", "category": 14, "image": "ProductSubCategory/images/bathroom-kitchen3d2b39a4-8a3b-450c-8676-b61d4161e7.jpg", "slug": "bathroom-kitchen6ee99ef2-cc71-4b70-b055-767041b40746", "created_on": "2022-09-03"}}, {"model": "supplier.productsubcategory", "pk": 88, "fields": {"name": "Building & Industrial Glass", "name_ar": "Γò¬┬║Γöÿ├ñΓò¬┬┐Γöÿ├ÑΓò¬┬║Γò¬├¡ Γöÿ├¬Γò¬┬║Γöÿ├ñΓò¬ΓûôΓò¬┬╝Γò¬┬║Γò¬┬╝ Γò¬┬║Γöÿ├ñΓò¬ΓòíΓöÿ├ÑΓò¬┬║Γò¬ΓòúΓöÿ├¿", "name_fr": "BΓö£├│timent et verre industriel", "name_de": "GebΓö£├▒ude- und Industrieglas", "name_en": "Building & Industrial Glass", "category": 14, "image": "ProductSubCategory/images/building-industrial-glassc181150f-a729-47b9-97ca-b.jpg", "slug": "building-industrial-glassb41f3494-8347-42f0-acc2-f9d0b93ae8df", "created_on": "2022-09-03"}}, {"model": "supplier.productsubcategory", "pk": 89, "fields": {"name": "Building Boards", "name_ar": "Γöÿ├ñΓöÿ├¬Γò¬┬íΓò¬┬║Γò¬┬¼ Γò¬┬║Γöÿ├ñΓò¬┬┐Γöÿ├ÑΓò¬┬║Γò¬├¡", "name_fr": "Conseils d'immeuble", "name_de": "Baubretter", "name_en": "Building Boards", "category": 14, "image": "ProductSubCategory/images/building-boardseb2da591-bcff-410a-8a1e-8c5a5bfec8a.jpg", "slug": "building-boardsa0c9185d-4b67-496f-8753-4930dbab1f7c", "created_on": "2022-09-03"}}, {"model": "supplier.productsubcategory", "pk": 90, "fields": {"name": "Ceilings", "name_ar": "Γò¬┬║Γöÿ├ñΓò¬├║Γò¬ΓöéΓöÿ├⌐Γöÿ├╝", "name_fr": "Plafonds", "name_de": "Decken", "name_en": "Ceilings", "category": 14, "image": "ProductSubCategory/images/ceilings6c334488-2094-4332-a2f6-141be19aad32-92839.jpg", "slug": "ceilingse7e25ba1-8a96-4847-997a-4c74d92a5331", "created_on": "2022-09-03"}}, {"model": "supplier.productsubcategory", "pk": 91, "fields": {"name": "Corner Guards", "name_ar": "Γò¬┬íΓò¬ΓûÆΓò¬┬║Γò¬Γöé Γò¬┬║Γöÿ├ñΓò¬ΓûÆΓöÿ├óΓöÿ├Ñ", "name_fr": "Gardes d'angle", "name_de": "EckwΓö£├▒chter", "name_en": "Corner Guards", "category": 14, "image": "ProductSubCategory/images/corner-guardse71ec2b1-6c94-4a66-a01e-309c04fdc7f7-.jpg", "slug": "corner-guards58c5b20a-284c-4e12-a1e9-6955832bca1a", "created_on": "2022-09-03"}}, {"model": "supplier.productsubcategory", "pk": 92, "fields": {"name": "Door, Window & Accessories", "name_ar": "Γò¬┬║Γöÿ├ñΓò¬┬┐Γò¬┬║Γò¬┬┐ Γò¬├« Γöÿ├ÑΓò¬┬║Γöÿ├╝Γò¬ΓûæΓò¬ΓîÉ Γöÿ├¬Γöÿ├áΓöÿ├ñΓò¬┬íΓöÿ├⌐Γò¬┬║Γò¬┬¼", "name_fr": "Porte, fenΓö£┬¼tre et accessoires", "name_de": "TΓö£Γò¥r, Fenster und ZubehΓö£Γòór", "name_en": "Door, Window & Accessories", "category": 14, "image": "ProductSubCategory/images/door-window-accessoriescd1e31d4-25e9-4eea-884a-dd8.jpg", "slug": "door-window-accessories699152d1-7d31-4829-a89d-16b031015866", "created_on": "2022-09-03"}}, {"model": "supplier.productsubcategory", "pk": 93, "fields": {"name": "Earthwork Products", "name_ar": "Γöÿ├áΓöÿ├ÑΓò¬┬¼Γò¬┬╝Γò¬┬║Γò¬┬¼ Γò¬┬║Γöÿ├ñΓò¬├║Γò¬ΓûÆΓò¬Γòó", "name_fr": "Produits de terrassement", "name_de": "Erdarbeitsprodukte", "name_en": "Earthwork Products", "category": 14, "image": "ProductSubCategory/images/earthwork-products4046a9e5-fa27-4244-b538-e405b4da.jpg", "slug": "earthwork-products4d481731-0272-4abb-a92e-3f03c4724985", "created_on": "2022-09-03"}}, {"model": "supplier.productsubcategory", "pk": 94, "fields": {"name": "Other Construction Products", "name_ar": "Γöÿ├áΓöÿ├ÑΓò¬┬¼Γò¬┬╝Γò¬┬║Γò¬┬¼ Γò¬┬║Γöÿ├ñΓò¬┬┐Γöÿ├ÑΓò¬┬║Γò¬├¡ Γò¬┬║Γöÿ├ñΓò¬├║Γò¬┬½Γò¬ΓûÆΓöÿ├½", "name_fr": "Autres produits de construction", "name_de": "Andere Bauprodukte", "name_en": "Other Construction Products", "category": 14, "image": "ProductSubCategory/images/other-construction-products00c6b493-c9dd-47f6-b376.jpg", "slug": "other-construction-products3d693ed9-e986-4502-8820-231530cd956d", "created_on": "2022-09-03"}}, {"model": "supplier.productsubcategory", "pk": 95, "fields": {"name": "Sanitary Paper", "name_ar": "Γöÿ├¬Γò¬ΓûÆΓöÿ├⌐Γò¬ΓîÉ Γò¬ΓòíΓò¬┬íΓöÿ├¿Γò¬ΓîÉ", "name_fr": "Papier sanitaire", "name_de": "SanitΓö£├▒rpapier", "name_en": "Sanitary Paper", "category": 15, "image": "ProductSubCategory/images/sanitary-paper80478565-76d5-4840-ba8f-73626924b6bd.webp", "slug": "sanitary-paper1a229c13-a93d-4ecf-88c2-91ab1a8888c5", "created_on": "2022-09-03"}}, {"model": "supplier.productsubcategory", "pk": 96, "fields": {"name": "Oral Hygiene", "name_ar": "Γöÿ├ÑΓò¬ΓòòΓò¬┬║Γöÿ├╝Γò¬ΓîÉ Γò¬┬║Γöÿ├ñΓöÿ├╝Γöÿ├á", "name_fr": "HygiΓö£┬┐ne buccale", "name_de": "Mundhygiene", "name_en": "Oral Hygiene", "category": 15, "image": "ProductSubCategory/images/oral-hygienef6f1ed23-bee8-4d24-a780-9fc8c123ae4a-c.webp", "slug": "oral-hygieneefb95936-9d02-48b0-b583-57b143e269bd", "created_on": "2022-09-03"}}, {"model": "supplier.productsubcategory", "pk": 97, "fields": {"name": "Skin Care", "name_ar": "Γò¬┬║Γöÿ├ñΓò¬ΓòúΓöÿ├ÑΓò¬┬║Γöÿ├¿Γò¬ΓîÉ Γò¬┬┐Γò¬┬║Γöÿ├ñΓò¬┬┐Γò¬ΓöñΓò¬ΓûÆΓò¬ΓîÉ", "name_fr": "Soins de la peau", "name_de": "Hautpflege", "name_en": "Skin Care", "category": 15, "image": "ProductSubCategory/images/skin-care64dd0db8-9223-4ea8-942b-50301882619a-7114.webp", "slug": "skin-care9414f141-91e4-4254-b4cd-42b1232e2f13", "created_on": "2022-09-03"}}, {"model": "supplier.productsubcategory", "pk": 98, "fields": {"name": "Makeup", "name_ar": "Γöÿ├áΓò¬┬║Γöÿ├óΓöÿ├¿Γò¬┬║Γò¬┬╝", "name_fr": "Se maquiller", "name_de": "Bilden", "name_en": "Makeup", "category": 15, "image": "ProductSubCategory/images/makeup8b07d0bf-0150-4fcd-8a91-42bd3cb3d629-3f75969.webp", "slug": "makeup0e983963-89d1-4e3b-9a62-d27f82e66139", "created_on": "2022-09-03"}}, {"model": "supplier.productsubcategory", "pk": 99, "fields": {"name": "Shaving & Hair Removal", "name_ar": "Γò¬┬íΓöÿ├ñΓò¬┬║Γöÿ├⌐Γò¬ΓîÉ Γöÿ├¬Γò¬├æΓò¬ΓûôΓò¬┬║Γöÿ├ñΓò¬ΓîÉ Γò¬┬║Γöÿ├ñΓò¬ΓöñΓò¬ΓòúΓò¬ΓûÆ", "name_fr": "Rasage et Γö£ΓîÉpilation", "name_de": "Rasier- und Haarentfernung", "name_en": "Shaving & Hair Removal", "category": 15, "image": "ProductSubCategory/images/shaving-hair-removal60897186-f930-4e81-a65b-682cf3.jpg", "slug": "shaving-hair-removal7ec908ff-1084-40af-8002-a645c6f30241", "created_on": "2022-09-03"}}, {"model": "supplier.productsubcategory", "pk": 100, "fields": {"name": "Bath & Shower", "name_ar": "Γò¬┬íΓöÿ├áΓò¬┬║Γöÿ├á Γöÿ├¬Γò¬┬╗Γò¬Γöñ", "name_fr": "Bain douche", "name_de": "Bath & Dusche", "name_en": "Bath & Shower", "category": 15, "image": "ProductSubCategory/images/bath-shower01a788a7-5eca-4f1c-bffa-5285b4d168fb-af.webp", "slug": "bath-showerd04dd5a6-b627-4509-91f7-3e35e9aad37c", "created_on": "2022-09-03"}}, {"model": "supplier.productsubcategory", "pk": 101, "fields": {"name": "Hair Care & Styling", "name_ar": "Γò¬┬║Γöÿ├ñΓò¬ΓòúΓöÿ├ÑΓò¬┬║Γöÿ├¿Γò¬ΓîÉ Γò¬┬┐Γò¬┬║Γöÿ├ñΓò¬ΓöñΓò¬ΓòúΓò¬ΓûÆ Γöÿ├¬Γò¬┬║Γöÿ├ñΓò¬┬¼Γò¬ΓòíΓöÿ├áΓöÿ├¿Γöÿ├á", "name_fr": "Soins capillaires et coiffure", "name_de": "Haarpflege & Styling", "name_en": "Hair Care & Styling", "category": 15, "image": "ProductSubCategory/images/hair-care-styling120b75eb-f79b-40e4-a4fd-c6c51b1c4.jpg", "slug": "hair-care-styling08414cc0-9073-40bb-9e2a-6950c858a18d", "created_on": "2022-09-03"}}, {"model": "supplier.productsubcategory", "pk": 102, "fields": {"name": "Fragrances & Deodorants", "name_ar": "Γò¬┬║Γöÿ├ñΓò¬ΓòúΓò¬ΓòûΓöÿ├¬Γò¬ΓûÆ Γöÿ├¬Γöÿ├áΓò¬ΓûôΓöÿ├¿Γöÿ├ñΓò¬┬║Γò¬┬¼ Γò¬┬║Γöÿ├ñΓò¬ΓòúΓò¬ΓûÆΓöÿ├⌐", "name_fr": "Parfums et dΓö£ΓîÉodorants", "name_de": "Duft- und Deodorants", "name_en": "Fragrances & Deodorants", "category": 15, "image": "ProductSubCategory/images/fragrances-deodorants6ac30587-15a6-4f64-bfe7-612fa.webp", "slug": "fragrances-deodorantsfb4e6a8e-05f6-402a-a9dd-d3924c06c01c", "created_on": "2022-09-03"}}, {"model": "supplier.productsubcategory", "pk": 103, "fields": {"name": "Tattoo & Body Art", "name_ar": "Γò¬┬║Γöÿ├ñΓöÿ├¬Γò¬ΓöñΓöÿ├á Γöÿ├¬Γöÿ├╝Γöÿ├Ñ Γò¬┬║Γöÿ├ñΓò¬┬╝Γò¬ΓöéΓöÿ├á", "name_fr": "Tatouage et art corporel", "name_de": "Tattoo & KΓö£Γòórperkunst", "name_en": "Tattoo & Body Art", "category": 15, "image": "ProductSubCategory/images/tattoo-body-artc28ee07d-f08d-47d7-97e8-70d78e8b17d.webp", "slug": "tattoo-body-artcad104a2-314f-419e-98a5-1629d37621a0", "created_on": "2022-09-03"}}, {"model": "supplier.productsubcategory", "pk": 104, "fields": {"name": "Men's Pants", "name_ar": "Γò¬┬┐Γöÿ├ÑΓò¬┬║Γò¬ΓòûΓöÿ├¿Γöÿ├ñ Γò¬ΓûÆΓò¬┬╝Γò¬┬║Γöÿ├ñ", "name_fr": "Pantalon masculin", "name_de": "MΓö£├▒nnerhosen", "name_en": "Men's Pants", "category": 16, "image": "ProductSubCategory/images/mens-pantsf0cbeea4-0abc-4f85-b4d1-a6cdbf35789d-500.webp", "slug": "mens-pants74a109b9-1ba0-485c-beb9-b5ac9c48b824", "created_on": "2022-09-03"}}, {"model": "supplier.productsubcategory", "pk": 105, "fields": {"name": "Men's Shirts", "name_ar": "Γöÿ├⌐Γöÿ├áΓò¬ΓòíΓò¬┬║Γöÿ├Ñ Γò¬ΓûÆΓò¬┬╝Γò¬┬║Γöÿ├ñΓöÿ├¿Γò¬ΓîÉ", "name_fr": "Chemises pour hommes", "name_de": "MΓö£├▒nnershirts", "name_en": "Men's Shirts", "category": 16, "image": "ProductSubCategory/images/mens-shirtsfa42f935-45b2-44fe-8dda-2bced82c5f83-ba.webp", "slug": "mens-shirtsdab3a02e-c14c-4f40-b365-1a9b232d0cb6", "created_on": "2022-09-03"}}, {"model": "supplier.productsubcategory", "pk": 106, "fields": {"name": "Men's Sweaters", "name_ar": "Γò¬ΓöéΓò¬┬¼Γò¬ΓûÆΓò¬┬║Γò¬┬¼ Γò¬┬║Γöÿ├ñΓò¬ΓûÆΓò¬┬╝Γò¬┬║Γöÿ├ñ", "name_fr": "Pulls masculins", "name_de": "MΓö£├▒nnerpullover", "name_en": "Men's Sweaters", "category": 16, "image": "ProductSubCategory/images/mens-sweaters53527e48-e476-42d7-8c3c-6a0302176318-.webp", "slug": "mens-sweaters45ad0228-88fb-4088-ba4d-9a63300dafae", "created_on": "2022-09-03"}}, {"model": "supplier.productsubcategory", "pk": 107, "fields": {"name": "Suits & Blazers", "name_ar": "Γò¬┬┐Γò¬┬╗Γöÿ├ñΓò¬┬║Γò¬┬¼ Γöÿ├¬ Blazers", "name_fr": "Costumes et blazers", "name_de": "AnzΓö£Γò¥ge und Blazer", "name_en": "Suits & Blazers", "category": 16, "image": "ProductSubCategory/images/suits-blazerse3f7989e-7cb8-4700-9492-97538de88d1a-.webp", "slug": "suits-blazersecddbad8-dc3d-45d7-909d-74544754fe87", "created_on": "2022-09-03"}}, {"model": "supplier.productsubcategory", "pk": 108, "fields": {"name": "Men's Jackets & Coats", "name_ar": "Γò¬ΓöéΓò¬┬¼Γò¬ΓûÆΓò¬┬║Γò¬┬¼ Γöÿ├¬Γöÿ├áΓò¬ΓòúΓò¬┬║Γò¬ΓòûΓöÿ├╝ Γò¬┬║Γöÿ├ñΓò¬ΓûÆΓò¬┬╝Γò¬┬║Γöÿ├ñ", "name_fr": "Vestes et manteaux pour hommes", "name_de": "Herrenjacken & MΓö£├▒ntel", "name_en": "Men's Jackets & Coats", "category": 16, "image": "ProductSubCategory/images/mens-jackets-coats7ba28929-653f-42f1-b6ea-52e53c98.jpg", "slug": "mens-jackets-coats0a699d25-4fa0-44ed-a3cc-48382b42746b", "created_on": "2022-09-03"}}, {"model": "supplier.productsubcategory", "pk": 109, "fields": {"name": "Casual Shorts", "name_ar": "Γò¬ΓöñΓöÿ├¬Γò¬ΓûÆΓò¬┬¼Γò¬┬║Γò¬┬¼ Γò¬ΓòæΓöÿ├¿Γò¬ΓûÆ Γò¬ΓûÆΓò¬ΓöéΓöÿ├áΓöÿ├¿Γò¬ΓîÉ", "name_fr": "Short dΓö£ΓîÉcontractΓö£ΓîÉ", "name_de": "Gelegenheitsshorts", "name_en": "Casual Shorts", "category": 16, "image": "ProductSubCategory/images/casual-shorts6d3b1284-5a43-4003-9599-26c13024ab6f-.webp", "slug": "casual-shortsc1cd8692-57c6-460d-9cd3-7fe4b3debcdc", "created_on": "2022-09-03"}}, {"model": "supplier.productsubcategory", "pk": 110, "fields": {"name": "Hoodies & Sweatshirts", "name_ar": "Γöÿ├ºΓöÿ├¬Γò¬┬╗Γöÿ├¿Γò¬Γöé Γöÿ├¬Γò¬┬┐Γöÿ├ñΓöÿ├¬Γò¬ΓûôΓò¬┬║Γò¬┬¼", "name_fr": "Sweats Γö£├í capuche et pulls molletonnΓö£ΓîÉs", "name_de": "Hoodies & Sweatshirts", "name_en": "Hoodies & Sweatshirts", "category": 16, "image": "ProductSubCategory/images/hoodies-sweatshirts578b3e5f-4b85-4c46-a309-007d5c6.jpg", "slug": "hoodies-sweatshirtsd795e043-f899-445c-94f1-1ea9f55f410f", "created_on": "2022-09-03"}}, {"model": "supplier.productsubcategory", "pk": 111, "fields": {"name": "Other Mens' Clothes", "name_ar": "Γöÿ├áΓöÿ├ñΓò¬┬║Γò¬┬┐Γò¬Γöé Γò¬ΓûÆΓò¬┬╝Γò¬┬║Γöÿ├ñ Γò¬├║Γò¬┬½Γò¬ΓûÆΓöÿ├½", "name_fr": "Autres vΓö£┬¼tements pour hommes", "name_de": "Kleidung anderer MΓö£├▒nner", "name_en": "Other Mens' Clothes", "category": 16, "image": "ProductSubCategory/images/other-mens-clothes318139a0-5c65-4fe4-81bb-8cbae068.jpg", "slug": "other-mens-clothes9f54bff7-cb23-412e-9d31-fbced32983fa", "created_on": "2022-09-03"}}, {"model": "supplier.productsubcategory", "pk": 112, "fields": {"name": "Agricultural Machinery Parts", "name_ar": "Γò¬├║Γò¬┬╝Γò¬ΓûôΓò¬┬║Γò¬├¡ Γò¬┬║Γöÿ├ñΓò¬├│Γöÿ├ñΓò¬┬║Γò¬┬¼ Γò¬┬║Γöÿ├ñΓò¬ΓûôΓò¬ΓûÆΓò¬┬║Γò¬ΓòúΓöÿ├¿Γò¬ΓîÉ", "name_fr": "PiΓö£┬┐ces de machines agricoles", "name_de": "Landwirtschaftliche Maschinenteile", "name_en": "Agricultural Machinery Parts", "category": 17, "image": "ProductSubCategory/images/agricultural-machinery-partse79df2d7-3a88-4ab1-aad.jpg", "slug": "agricultural-machinery-partsb3b06713-1efa-4eb5-b467-838ab92bcc2e", "created_on": "2022-09-09"}}, {"model": "supplier.productsubcategory", "pk": 113, "fields": {"name": "Agricultural Sprayers", "name_ar": "Γò¬┬║Γöÿ├ñΓò¬ΓûÆΓò¬ΓöñΓò¬┬║Γò¬ΓöñΓò¬┬║Γò¬┬¼ Γò¬┬║Γöÿ├ñΓò¬ΓûôΓò¬ΓûÆΓò¬┬║Γò¬ΓòúΓöÿ├¿Γò¬ΓîÉ", "name_fr": "PulvΓö£ΓîÉrisateurs agricoles", "name_de": "Landwirtschaftliche SprΓö£Γò¥hgerΓö£├▒te", "name_en": "Agricultural Sprayers", "category": 17, "image": "ProductSubCategory/images/agricultural-sprayersb4d97546-d00d-4e2a-a6c6-ff23d.jpg", "slug": "agricultural-sprayers6a7a663b-0fef-4569-bffe-7711a84eb972", "created_on": "2022-09-09"}}, {"model": "supplier.productsubcategory", "pk": 114, "fields": {"name": "Cultivators", "name_ar": "Γò¬┬║Γöÿ├ñΓöÿ├áΓò¬ΓûôΓò¬┬║Γò¬ΓûÆΓò¬ΓòúΓöÿ├¬Γöÿ├Ñ", "name_fr": "Cultivators", "name_de": "Kultivierenden", "name_en": "Cultivators", "category": 17, "image": "ProductSubCategory/images/cultivatorsf27fb935-1664-4bff-b48f-fbe116a88df0-4f.jpg", "slug": "cultivatorsb20a1055-820b-4fa7-9e1e-721fd05ece21", "created_on": "2022-09-09"}}, {"model": "supplier.productsubcategory", "pk": 115, "fields": {"name": "Farm Irrigation Systems", "name_ar": "Γò¬├║Γöÿ├ÑΓò¬ΓòòΓöÿ├áΓò¬ΓîÉ Γò¬┬║Γöÿ├ñΓò¬ΓûÆΓöÿ├¿ Γò¬┬║Γöÿ├ñΓöÿ├áΓò¬ΓûôΓò¬ΓûÆΓò¬ΓòúΓò¬ΓîÉ", "name_fr": "SystΓö£┬┐mes d'irrigation agricole", "name_de": "FarmbewΓö£├▒sserungssysteme", "name_en": "Farm Irrigation Systems", "category": 17, "image": "ProductSubCategory/images/farm-irrigation-systems238b2069-697f-43a4-8304-9f1.jpg", "slug": "farm-irrigation-systems8ac783dd-43f9-43fd-b0cd-5e5e86f01bdd", "created_on": "2022-09-09"}}, {"model": "supplier.productsubcategory", "pk": 116, "fields": {"name": "Fertilizer Spreaders", "name_ar": "Γò¬ΓûÆΓò¬ΓöñΓò¬┬║Γò¬ΓöñΓò¬┬║Γò¬┬¼ Γò¬├║Γò¬ΓöéΓöÿ├áΓò¬┬╗Γò¬ΓîÉ", "name_fr": "Γö£├½pandeurs d'engrais", "name_de": "DΓö£Γò¥ngerstreuer", "name_en": "Fertilizer Spreaders", "category": 17, "image": "ProductSubCategory/images/fertilizer-spreaderse6de0094-ccf3-4ac6-a290-55ab50.jpg", "slug": "fertilizer-spreadersdabcd59d-1171-4042-998f-0e4b5467caf3", "created_on": "2022-09-09"}}, {"model": "supplier.productsubcategory", "pk": 117, "fields": {"name": "Baby Stroller & Accessories", "name_ar": "Γò¬ΓòúΓò¬ΓûÆΓò¬┬┐Γò¬ΓîÉ Γò¬┬║Γöÿ├ñΓò¬├║Γò¬ΓòûΓöÿ├╝Γò¬┬║Γöÿ├ñ Γöÿ├¬Γò¬┬║Γöÿ├ñΓò¬├æΓöÿ├óΓò¬ΓöéΓò¬ΓöéΓöÿ├¬Γò¬┬║Γò¬ΓûÆΓò¬┬║Γò¬┬¼", "name_fr": "Poussette et accessoires pour bΓö£ΓîÉbΓö£ΓîÉ", "name_de": "Kinderwagen & Accessoires", "name_en": "Baby Stroller & Accessories", "category": 18, "image": "ProductSubCategory/images/baby-stroller-accessories7948cd53-60e0-4b3b-8cb3-b.jpg", "slug": "baby-stroller-accessories6d3980d0-f709-4fa7-9777-477ea82df2bc", "created_on": "2022-09-09"}}, {"model": "supplier.productsubcategory", "pk": 118, "fields": {"name": "Baby Souvenirs", "name_ar": "Γöÿ├ºΓò¬┬╗Γò¬┬║Γöÿ├¿Γò¬┬║ Γò¬┬¼Γò¬ΓûæΓöÿ├óΓò¬┬║Γò¬ΓûÆΓöÿ├¿Γò¬ΓîÉ", "name_fr": "BΓö£ΓîÉbΓö£ΓîÉ souvenirs", "name_de": "Baby Souvenirs", "name_en": "Baby Souvenirs", "category": 18, "image": "ProductSubCategory/images/baby-souvenirsa93ee79e-43d7-4eaa-aa65-63c32df6f6ee.jpg", "slug": "baby-souvenirsadde3036-27c3-482f-86c4-97fecaf3841b", "created_on": "2022-09-09"}}, {"model": "supplier.productsubcategory", "pk": 119, "fields": {"name": "Baby Care", "name_ar": "Γò¬ΓòúΓöÿ├ÑΓò¬┬║Γöÿ├¿Γò¬ΓîÉ Γò¬┬║Γöÿ├ñΓò¬ΓòûΓöÿ├╝Γöÿ├ñ", "name_fr": "Soins bΓö£ΓîÉbΓö£ΓîÉ", "name_de": "SΓö£├▒uglingspflege", "name_en": "Baby Care", "category": 18, "image": "ProductSubCategory/images/baby-care5ce79971-5e57-4997-b7d1-af8832ed4adf-5569.jpg", "slug": "baby-care5c8f44d4-fdd0-4fee-9c78-805b250e2d8b", "created_on": "2022-09-09"}}, {"model": "supplier.productsubcategory", "pk": 120, "fields": {"name": "Baby Shoes", "name_ar": "Γò¬┬íΓò¬ΓûæΓò¬┬║Γò¬├¡ Γò¬┬║Γöÿ├ñΓò¬ΓòûΓöÿ├╝Γöÿ├ñ", "name_fr": "Chaussures de bΓö£ΓîÉbΓö£ΓîÉ", "name_de": "Baby Schuhe", "name_en": "Baby Shoes", "category": 18, "image": "ProductSubCategory/images/baby-shoes10ba1b52-9397-4790-9308-6092e801fed3-cdc.jpg", "slug": "baby-shoes531f95c5-13c2-49fe-912a-63fc4dd4aee1", "created_on": "2022-09-09"}}, {"model": "supplier.productsubcategory", "pk": 121, "fields": {"name": "Matching Family Outfits", "name_ar": "Γöÿ├áΓò¬ΓòûΓò¬┬║Γò¬┬┐Γöÿ├⌐Γò¬ΓîÉ Γöÿ├áΓöÿ├ñΓò¬┬║Γò¬┬┐Γò¬Γöé Γò¬┬║Γöÿ├ñΓò¬├║Γò¬ΓöéΓò¬ΓûÆΓò¬ΓîÉ", "name_fr": "Tenues familiales assorties", "name_de": "Passende Familienoutfits", "name_en": "Matching Family Outfits", "category": 18, "image": "ProductSubCategory/images/matching-family-outfitsd316c2eb-b295-4bcf-a305-404.jpg", "slug": "matching-family-outfitse0506af3-e017-4474-9023-5fa1f356180f", "created_on": "2022-09-09"}}, {"model": "supplier.productsubcategory", "pk": 122, "fields": {"name": "Adhesives & Sealants", "name_ar": "Γò¬┬║Γöÿ├ñΓöÿ├áΓöÿ├¬Γò¬┬║Γò¬┬╗ Γò¬┬║Γöÿ├ñΓöÿ├ñΓò¬┬║Γò¬ΓòíΓöÿ├⌐Γò¬ΓîÉ Γöÿ├¬Γò¬┬║Γöÿ├ñΓöÿ├áΓò¬┬║Γöÿ├ÑΓò¬Γòú", "name_fr": "AdhΓö£ΓîÉsifs et scellants", "name_de": "Klebstoffe und Dichtungsmittel", "name_en": "Adhesives & Sealants", "category": 19, "image": "ProductSubCategory/images/adhesives-sealantsa417ba12-9eff-465e-813f-ad45436b.jpg", "slug": "adhesives-sealantsbe6fcd6d-c93f-4e1b-9a8f-002dc3a25949", "created_on": "2022-09-09"}}, {"model": "supplier.productsubcategory", "pk": 123, "fields": {"name": "Admixture & Additives", "name_ar": "Γò¬┬║Γò¬┬½Γò¬┬¼Γöÿ├ñΓò¬┬║Γò¬Γòû Γöÿ├¬Γò¬ΓòóΓò¬┬║Γöÿ├╝Γò¬┬║Γò¬┬¼", "name_fr": "MΓö£ΓîÉlange et additifs", "name_de": "Beimischung & Zusatzstoffe", "name_en": "Admixture & Additives", "category": 19, "image": "ProductSubCategory/images/admixture-additives8892c491-1d1e-49bd-94d2-bd0b86f.jpg", "slug": "admixture-additives16987679-840c-426b-a2e7-923afef5beae", "created_on": "2022-09-09"}}, {"model": "supplier.productsubcategory", "pk": 124, "fields": {"name": "Catalysts", "name_ar": "Γò¬┬║Γöÿ├ñΓöÿ├áΓò¬┬íΓöÿ├╝Γò¬ΓûôΓò¬┬║Γò¬┬¼", "name_fr": "Catalyseurs", "name_de": "Katalysatoren", "name_en": "Catalysts", "category": 19, "image": "ProductSubCategory/images/catalysts1e3a462e-ffdd-4d30-87e7-ec8661c9e3e0-5a41.jpg", "slug": "catalystsf7b15310-128f-421f-8bfe-936e470c7608", "created_on": "2022-09-09"}}, {"model": "supplier.productsubcategory", "pk": 125, "fields": {"name": "Agrochemicals", "name_ar": "Γò¬┬║Γöÿ├ñΓöÿ├óΓöÿ├¿Γöÿ├áΓò¬┬║Γöÿ├¬Γöÿ├¿Γò¬┬║Γò¬┬¼ Γò¬┬║Γöÿ├ñΓò¬ΓûôΓò¬ΓûÆΓò¬┬║Γò¬ΓòúΓöÿ├¿Γò¬ΓîÉ", "name_fr": "Agrochimiques", "name_de": "Agrochemikalien", "name_en": "Agrochemicals", "category": 19, "image": "ProductSubCategory/images/agrochemicalsc9573197-3766-4ac1-b621-e42f43a710c4-.jpg", "slug": "agrochemicals057e5ddd-eb61-4fce-b453-f9b59d72e8be", "created_on": "2022-09-09"}}, {"model": "supplier.productsubcategory", "pk": 126, "fields": {"name": "Biological Chemical Products", "name_ar": "Γò¬┬║Γöÿ├ñΓöÿ├áΓöÿ├ÑΓò¬┬¼Γò¬┬╝Γò¬┬║Γò¬┬¼ Γò¬┬║Γöÿ├ñΓöÿ├óΓöÿ├¿Γöÿ├áΓöÿ├¿Γò¬┬║Γò¬┬¬Γöÿ├¿Γò¬ΓîÉ Γò¬┬║Γöÿ├ñΓò¬┬┐Γöÿ├¿Γöÿ├¬Γöÿ├ñΓöÿ├¬Γò¬┬╝Γöÿ├¿Γò¬ΓîÉ", "name_fr": "Produits chimiques biologiques", "name_de": "Biologische chemische Produkte", "name_en": "Biological Chemical Products", "category": 19, "image": "ProductSubCategory/images/biological-chemical-products4ab18881-3691-44ad-946.jpg", "slug": "biological-chemical-productsc6156ded-863d-4483-be69-10a4ba73b7af", "created_on": "2022-09-09"}}, {"model": "supplier.productsubcategory", "pk": 127, "fields": {"name": "Animal Feeds", "name_ar": "Γò¬┬║Γöÿ├ñΓò¬├║Γò¬ΓòúΓöÿ├ñΓò¬┬║Γöÿ├╝ Γò¬┬║Γöÿ├ñΓò¬┬íΓöÿ├¿Γöÿ├¬Γò¬┬║Γöÿ├ÑΓöÿ├¿Γò¬ΓîÉ", "name_fr": "Animaux", "name_de": "Tierfutter", "name_en": "Animal Feeds", "category": 20, "image": "ProductSubCategory/images/animal-feeds7917189d-41c1-4868-83bf-70b20f5f2a24-1.jpg", "slug": "animal-feeds86744ccc-1243-48ed-93c3-208a743d7780", "created_on": "2022-09-09"}}, {"model": "supplier.productsubcategory", "pk": 128, "fields": {"name": "Animal Products", "name_ar": "Γöÿ├áΓöÿ├ÑΓò¬┬¼Γò¬┬╝Γò¬┬║Γò¬┬¼ Γò¬┬íΓöÿ├¿Γöÿ├¬Γò¬┬║Γöÿ├ÑΓöÿ├¿Γöÿ├º", "name_fr": "Produits animaux", "name_de": "Tierische Produkte", "name_en": "Animal Products", "category": 20, "image": "ProductSubCategory/images/animal-products5d05d524-68f3-49b8-a078-46ca57dfe41.jpg", "slug": "animal-products877efa75-8eb8-4818-93de-bc79a833c4a4", "created_on": "2022-09-09"}}, {"model": "supplier.productsubcategory", "pk": 129, "fields": {"name": "Fresh Fruits", "name_ar": "Γò¬┬╜Γöÿ├áΓò¬┬║Γò¬ΓûÆ Γò¬┬╝Γò¬┬╗Γöÿ├¿Γò¬┬╗Γò¬ΓîÉ", "name_fr": "Fruits frais", "name_de": "Frische FrΓö£Γò¥chte", "name_en": "Fresh Fruits", "category": 20, "image": "ProductSubCategory/images/fresh-fruits08c2f911-15ab-4ea8-a9ee-070214b9c655-5.jpg", "slug": "fresh-fruitse93b6e4d-efed-4bc0-a5ed-3ba0f1a86449", "created_on": "2022-09-09"}}, {"model": "supplier.productsubcategory", "pk": 130, "fields": {"name": "Vehicles", "name_ar": "Γöÿ├áΓò¬ΓûÆΓöÿ├óΓò¬┬┐Γò¬┬║Γò¬┬¼", "name_fr": "VΓö£ΓîÉhicules", "name_de": "Fahrzeuge", "name_en": "Vehicles", "category": 21, "image": "ProductSubCategory/images/vehiclescc0e0aa1-38ed-486b-a70e-719642fa63b7-bb7d3.jpg", "slug": "vehicles7078b1e6-829b-4659-b31f-7d12c82a27ad", "created_on": "2022-09-09"}}, {"model": "supplier.productsubcategory", "pk": 131, "fields": {"name": "Car Lights", "name_ar": "Γò¬├║Γò¬ΓòóΓöÿ├¬Γò¬┬║Γò¬├¡ Γò¬┬║Γöÿ├ñΓò¬ΓöéΓöÿ├¿Γò¬┬║Γò¬ΓûÆΓò¬ΓîÉ", "name_fr": "Vocaux de voiture", "name_de": "Autolichter", "name_en": "Car Lights", "category": 21, "image": "ProductSubCategory/images/car-lights9660c975-039a-4965-878a-829c04f5d7ea-511.jpg", "slug": "car-lightsa332961c-e2b7-46de-9a4e-ecbc8bf80598", "created_on": "2022-09-09"}}, {"model": "supplier.productsubcategory", "pk": 132, "fields": {"name": "Car Repairs Tools", "name_ar": "Γò¬├║Γò¬┬╗Γöÿ├¬Γò¬┬║Γò¬┬¼ Γò¬├æΓò¬ΓòíΓöÿ├ñΓò¬┬║Γò¬┬í Γò¬┬║Γöÿ├ñΓò¬ΓöéΓöÿ├¿Γò¬┬║Γò¬ΓûÆΓò¬┬║Γò¬┬¼", "name_fr": "Outils de rΓö£ΓîÉparation de voiture", "name_de": "Autoreparaturwerkzeuge", "name_en": "Car Repairs Tools", "category": 21, "image": "ProductSubCategory/images/car-repairs-tools06125eb8-3487-473d-9cfe-b68531a1d.jpg", "slug": "car-repairs-tools5233672e-d708-4767-8c58-eb4270285cd8", "created_on": "2022-09-09"}}, {"model": "supplier.productsubcategory", "pk": 133, "fields": {"name": "Motorcycle Accessories & Parts", "name_ar": "Γò¬├æΓöÿ├óΓò¬ΓöéΓò¬ΓöéΓöÿ├¬Γò¬┬║Γò¬ΓûÆΓò¬┬║Γò¬┬¼ Γöÿ├¬Γöÿ├⌐Γò¬ΓòûΓò¬Γòú Γò¬┬║Γöÿ├ñΓò¬ΓòæΓöÿ├¿Γò¬┬║Γò¬ΓûÆ Γò¬┬║Γöÿ├ñΓò¬┬╗Γò¬ΓûÆΓò¬┬║Γò¬┬╝Γò¬┬║Γò¬┬¼ Γò¬┬║Γöÿ├ñΓöÿ├ÑΓò¬┬║Γò¬ΓûÆΓöÿ├¿Γò¬ΓîÉ", "name_fr": "Accessoires et piΓö£┬┐ces de moto", "name_de": "MotorradzubehΓö£Γòór und Teile", "name_en": "Motorcycle Accessories & Parts", "category": 21, "image": "ProductSubCategory/images/motorcycle-accessories-parts208ab3a6-a24d-4ff0-ab9.jpg", "slug": "motorcycle-accessories-partsd0d37d54-21ac-460f-bd64-61ee51afee42", "created_on": "2022-09-09"}}, {"model": "supplier.productsubcategory", "pk": 134, "fields": {"name": "Rompers", "name_ar": "Γò¬ΓûÆΓöÿ├¬Γöÿ├áΓò¬┬┐", "name_fr": "Barboteuse", "name_de": "StrampelhΓö£Γòóschen", "name_en": "Rompers", "category": 22, "image": "ProductSubCategory/images/rompersa5bfec02-0dfa-41f4-a998-afe535cb14cc-37622d.jpg", "slug": "rompersc23911dd-44b4-4909-8750-78c1d9be6f0f", "created_on": "2022-09-09"}}, {"model": "supplier.productsubcategory", "pk": 135, "fields": {"name": "Body Suits", "name_ar": "Γò¬┬┐Γò¬┬╗Γöÿ├ñΓò¬┬║Γò¬┬¼ Γò¬┬║Γöÿ├ñΓò¬┬╝Γò¬ΓöéΓöÿ├á", "name_fr": "Costumes", "name_de": "KΓö£ΓòórperanzΓö£Γò¥ge", "name_en": "Body Suits", "category": 22, "image": "ProductSubCategory/images/body-suitsf072bbfa-a147-44e1-a9a4-291ab4e4a522-4d1.jpg", "slug": "body-suits97e44eba-0592-4b2f-8c5f-85d42b4d5aa3", "created_on": "2022-09-09"}}, {"model": "supplier.productsubcategory", "pk": 136, "fields": {"name": "Women's Pants & Capris", "name_ar": "Γò¬ΓöéΓò¬ΓûÆΓò¬┬║Γöÿ├¬Γöÿ├¿Γöÿ├ñ Γò¬┬║Γöÿ├ñΓöÿ├ÑΓò¬ΓöéΓò¬┬║Γò¬├¡ Γöÿ├¬ capris", "name_fr": "Pantalon pour femmes et capris", "name_de": "Frauenhose & Capris", "name_en": "Women's Pants & Capris", "category": 22, "image": "ProductSubCategory/images/womens-pants-capris534647c7-fcf7-44a8-8fac-75a7aa7.jpg", "slug": "womens-pants-capris063d2223-e8e6-419c-8c0c-673610e8577f", "created_on": "2022-09-09"}}, {"model": "supplier.productsubcategory", "pk": 137, "fields": {"name": "Dresses", "name_ar": "Γöÿ├╝Γò¬ΓöéΓò¬┬║Γò¬┬¼Γöÿ├¿Γöÿ├Ñ", "name_fr": "Robes", "name_de": "Kleider", "name_en": "Dresses", "category": 22, "image": "ProductSubCategory/images/dressesf0237342-36ce-4bd6-96eb-c023d1857b8a-948c88.jpg", "slug": "dressesc6450821-41ba-4acc-9e8a-ce1ccb82bbf3", "created_on": "2022-09-09"}}, {"model": "supplier.productsubcategory", "pk": 138, "fields": {"name": "Skirts", "name_ar": "Γò¬┬║Γöÿ├ñΓò¬┬¼Γöÿ├ÑΓò¬┬║Γöÿ├ÑΓöÿ├¿Γò¬ΓûÆ", "name_fr": "Jupes", "name_de": "die RΓö£Γòócke", "name_en": "Skirts", "category": 22, "image": "ProductSubCategory/images/skirts93a9a027-a0da-49b7-974a-e3dc0ce851f1-8f99a88.jpg", "slug": "skirts1279b44a-dc12-4cd2-ba9b-23b9574c1e7d", "created_on": "2022-09-09"}}, {"model": "supplier.productsubcategory", "pk": 139, "fields": {"name": "Women's Bottoms", "name_ar": "Γöÿ├⌐Γöÿ├¿Γò¬ΓòúΓò¬┬║Γöÿ├Ñ Γò¬┬║Γöÿ├ñΓöÿ├ÑΓò¬ΓöéΓò¬┬║Γò¬├¡", "name_fr": "Bottoms fΓö£ΓîÉminins", "name_de": "FrauenbΓö£Γòóden", "name_en": "Women's Bottoms", "category": 22, "image": "ProductSubCategory/images/womens-bottomse5ad447a-c4b0-437c-a629-f6b61e5d5b8a.jpg", "slug": "womens-bottoms36d1848c-1e17-45fc-b164-fa5b1616dbc5", "created_on": "2022-09-09"}}, {"model": "supplier.productsubcategory", "pk": 140, "fields": {"name": "Muslim Fashions", "name_ar": "Γò¬┬║Γöÿ├ñΓöÿ├áΓöÿ├¬Γò¬ΓòóΓò¬┬║Γò¬┬¼ Γò¬┬║Γöÿ├ñΓöÿ├áΓò¬ΓöéΓöÿ├ñΓöÿ├áΓò¬ΓîÉ", "name_fr": "Modes musulmanes", "name_de": "Muslimische Mode", "name_en": "Muslim Fashions", "category": 22, "image": "ProductSubCategory/images/muslim-fashions2d1cf02a-a0b2-4bb2-9671-be3da3350ca.jpg", "slug": "muslim-fashions13893758-cb26-4b3c-8b68-0d22932a7715", "created_on": "2022-09-09"}}, {"model": "payment.membershipgroup", "pk": 22, "fields": {"name": "Digital Marketing", "name_ar": "Γò¬┬║Γöÿ├ñΓò¬┬¼Γò¬ΓöéΓöÿ├¬Γöÿ├¿Γöÿ├⌐ Γò¬┬║Γöÿ├ñΓò¬ΓûÆΓöÿ├⌐Γöÿ├áΓöÿ├¿", "name_fr": "Le marketing numΓö£ΓîÉrique", "name_de": "Digitales Marketing", "name_en": "Digital Marketing", "slug": "digital-marketingc2ae8be8-9537-41cf-b658-b3179fd4e", "created_on": "2023-03-16", "description": "Digital Marketing", "description_ar": "Γò¬┬║Γöÿ├ñΓò¬┬¼Γò¬ΓöéΓöÿ├¬Γöÿ├¿Γöÿ├⌐ Γò¬┬║Γöÿ├ñΓò¬ΓûÆΓöÿ├⌐Γöÿ├áΓöÿ├¿", "description_fr": "Le marketing numΓö£ΓîÉrique", "description_de": "Digitales Marketing", "description_en": "Digital Marketing"}}, {"model": "payment.membershipgroup", "pk": 23, "fields": {"name": "Virtual Showrooms", "name_ar": "Γò¬ΓòíΓò¬┬║Γöÿ├ñΓò¬┬║Γò¬┬¼ Γò¬┬║Γöÿ├ñΓò¬ΓòúΓò¬ΓûÆΓò¬Γòó Γò¬┬║Γöÿ├ñΓò¬┬║Γöÿ├╝Γò¬┬¼Γò¬ΓûÆΓò¬┬║Γò¬ΓòóΓöÿ├¿Γò¬ΓîÉ", "name_fr": "Salles d'exposition virtuelles", "name_de": "Virtuelle AusstellungsrΓö£├▒ume", "name_en": "Virtual Showrooms", "slug": "virtual-showrooms89d7cbfa-5cb5-46b8-b226-12a57160c", "created_on": "2023-03-16", "description": "Virtual Showrooms", "description_ar": "Γò¬ΓòíΓò¬┬║Γöÿ├ñΓò¬┬║Γò¬┬¼ Γò¬┬║Γöÿ├ñΓò¬ΓòúΓò¬ΓûÆΓò¬Γòó Γò¬┬║Γöÿ├ñΓò¬┬║Γöÿ├╝Γò¬┬¼Γò¬ΓûÆΓò¬┬║Γò¬ΓòóΓöÿ├¿Γò¬ΓîÉ", "description_fr": "Salles d'exposition virtuelles", "description_de": "Virtuelle AusstellungsrΓö£├▒ume", "description_en": "Virtual Showrooms"}}, {"model": "payment.membershipgroup", "pk": 24, "fields": {"name": "Local Marketing", "name_ar": "Γò¬┬║Γöÿ├ñΓò¬┬¼Γò¬ΓöéΓöÿ├¬Γöÿ├¿Γöÿ├⌐ Γò¬┬║Γöÿ├ñΓöÿ├áΓò¬┬íΓöÿ├ñΓöÿ├¿", "name_fr": "Marketing local", "name_de": "Lokales Marketing", "name_en": "Local Marketing", "slug": "local-marketing6fb28259-a51e-4b72-b3ff-eb4e6056180", "created_on": "2023-03-16", "description": "Local Marketing", "description_ar": "Γò¬┬║Γöÿ├ñΓò¬┬¼Γò¬ΓöéΓöÿ├¬Γöÿ├¿Γöÿ├⌐ Γò¬┬║Γöÿ├ñΓöÿ├áΓò¬┬íΓöÿ├ñΓöÿ├¿", "description_fr": "Marketing local", "description_de": "Lokales Marketing", "description_en": "Local Marketing"}}, {"model": "payment.membershipplan", "pk": 1, "fields": {"name": "One Virtual Showroom", "name_ar": "Γò¬ΓòíΓò¬┬║Γöÿ├ñΓò¬ΓîÉ Γò¬ΓòúΓò¬ΓûÆΓò¬Γòó Γò¬┬║Γöÿ├╝Γò¬┬¼Γò¬ΓûÆΓò¬┬║Γò¬ΓòóΓöÿ├¿Γò¬ΓîÉ Γöÿ├¬Γò¬┬║Γò¬┬íΓò¬┬╗Γò¬ΓîÉ", "name_fr": "Une salle d'exposition virtuelle", "name_de": "Ein virtueller Ausstellungsraum", "name_en": "One Virtual Showroom", "slug": "one-virtual-showroom7af0c4f4-2e73-450e-92f2-cbcc1c", "created_on": "2023-03-16", "group": 23, "description": null, "description_ar": null, "description_fr": null, "description_de": null, "description_en": null, "features": [151, 152, 153]}}, {"model": "payment.membershipplan", "pk": 2, "fields": {"name": "Multiple Virtual Showrooms", "name_ar": "Γò¬ΓòíΓò¬┬║Γöÿ├ñΓò¬┬║Γò¬┬¼ Γò¬ΓòúΓò¬ΓûÆΓò¬Γòó Γò¬┬║Γöÿ├╝Γò¬┬¼Γò¬ΓûÆΓò¬┬║Γò¬ΓòóΓöÿ├¿Γò¬ΓîÉ Γöÿ├áΓò¬┬¼Γò¬ΓòúΓò¬┬╗Γò¬┬╗Γò¬ΓîÉ", "name_fr": "Plusieurs salles d'exposition virtuelles", "name_de": "Mehrere virtuelle AusstellungsrΓö£├▒ume", "name_en": "Multiple Virtual Showrooms", "slug": "multiple-virtual-showroomsa97a3055-cf91-4f9d-b57e-", "created_on": "2023-03-16", "group": 23, "description": null, "description_ar": null, "description_fr": null, "description_de": null, "description_en": null, "features": [154, 155, 156]}}, {"model": "payment.membershipplan", "pk": 3, "fields": {"name": "One Virtual Showroom", "name_ar": "Γò¬ΓòíΓò¬┬║Γöÿ├ñΓò¬ΓîÉ Γò¬ΓòúΓò¬ΓûÆΓò¬Γòó Γò¬┬║Γöÿ├╝Γò¬┬¼Γò¬ΓûÆΓò¬┬║Γò¬ΓòóΓöÿ├¿Γò¬ΓîÉ Γöÿ├¬Γò¬┬║Γò¬┬íΓò¬┬╗Γò¬ΓîÉ", "name_fr": "Une salle d'exposition virtuelle", "name_de": "Ein virtueller Ausstellungsraum", "name_en": "One Virtual Showroom", "slug": "one-virtual-showroom6a058be6-0134-4c87-bf95-a1f353", "created_on": "2023-03-16", "group": 22, "description": null, "description_ar": null, "description_fr": null, "description_de": null, "description_en": null, "features": [157, 158, 159]}}, {"model": "payment.membershipplan", "pk": 4, "fields": {"name": "Multiple Virtual Showrooms", "name_ar": "Γò¬ΓòíΓò¬┬║Γöÿ├ñΓò¬┬║Γò¬┬¼ Γò¬ΓòúΓò¬ΓûÆΓò¬Γòó Γò¬┬║Γöÿ├╝Γò¬┬¼Γò¬ΓûÆΓò¬┬║Γò¬ΓòóΓöÿ├¿Γò¬ΓîÉ Γöÿ├áΓò¬┬¼Γò¬ΓòúΓò¬┬╗Γò¬┬╗Γò¬ΓîÉ", "name_fr": "Plusieurs salles d'exposition virtuelles", "name_de": "Mehrere virtuelle AusstellungsrΓö£├▒ume", "name_en": "Multiple Virtual Showrooms", "slug": "multiple-virtual-showrooms55032912-d6d3-4532-8e0f-", "created_on": "2023-03-16", "group": 22, "description": null, "description_ar": null, "description_fr": null, "description_de": null, "description_en": null, "features": [160, 161, 162]}}, {"model": "payment.membershipplan", "pk": 5, "fields": {"name": "In Every Country", "name_ar": "Γöÿ├╝Γöÿ├¿ Γöÿ├óΓöÿ├ñ Γò¬┬┐Γöÿ├ñΓò¬┬╗", "name_fr": "Dans chaque pays", "name_de": "In jedem Land", "name_en": "In Every Country", "slug": "in-every-countrybe4034ca-715f-47f7-91da-6287d22aad", "created_on": "2023-03-16", "group": 24, "description": null, "description_ar": null, "description_fr": null, "description_de": null, "description_en": null, "features": [163, 164, 165]}}, {"model": "payment.feature", "pk": 151, "fields": {"custom_id": "one-virtual-showroom-monthly-virtual-showrooms-dev-03", "name": "One Virtual Showroom Monthly", "name_ar": "Γò¬ΓòíΓò¬┬║Γöÿ├ñΓò¬ΓîÉ Γò¬ΓòúΓò¬ΓûÆΓò¬Γòó Γò¬┬║Γöÿ├╝Γò¬┬¼Γò¬ΓûÆΓò¬┬║Γò¬ΓòóΓöÿ├¿Γò¬ΓîÉ Γöÿ├¬Γò¬┬║Γò¬┬íΓò¬┬╗Γò¬ΓîÉ Γò¬ΓöñΓöÿ├ºΓò¬ΓûÆΓöÿ├¿Γò¬ΓîÉ", "name_fr": "Une salle d'exposition virtuelle mensuelle", "name_de": "Ein monatlicher virtueller Ausstellungsraum", "name_en": "One Virtual Showroom Monthly", "price": "60", "price_ar": "60", "price_fr": "60", "price_de": "60", "price_en": "60", "description": "One Virtual Showroom Monthly subscription", "billing_frequency": "1", "currency_iso_code": "USD", "currency_iso_code_ar": "Γò¬┬╗Γöÿ├¬Γöÿ├ñΓò¬┬║Γò¬ΓûÆ Γò¬├║Γöÿ├áΓò¬ΓûÆΓöÿ├¿Γöÿ├óΓöÿ├¿", "currency_iso_code_fr": "USD", "currency_iso_code_de": "US Dollar", "currency_iso_code_en": "USD", "interval_unit": "MONTH", "status": "ACTIVE", "has_trial": false, "trial_period": null, "trial_period_count": null, "paypal_id": "P-7YE91060TE431833FMQLXCKQ"}}, {"model": "payment.feature", "pk": 152, "fields": {"custom_id": "one-virtual-showroom-6-month-virtual-showrooms-dev-03", "name": "One Virtual Showroom 6 Month", "name_ar": "Γò¬ΓòíΓò¬┬║Γöÿ├ñΓò¬ΓîÉ Γò¬ΓòúΓò¬ΓûÆΓò¬Γòó Γò¬┬║Γöÿ├╝Γò¬┬¼Γò¬ΓûÆΓò¬┬║Γò¬ΓòóΓöÿ├¿Γò¬ΓîÉ Γöÿ├¬Γò¬┬║Γò¬┬íΓò¬┬╗Γò¬ΓîÉ 6 Γò¬├║Γò¬ΓöñΓöÿ├ºΓò¬ΓûÆ", "name_fr": "Une salle d'exposition virtuelle 6 mois", "name_de": "Ein virtueller Showroom 6 Monate", "name_en": "One Virtual Showroom 6 Month", "price": "300", "price_ar": "300", "price_fr": "300", "price_de": "300", "price_en": "300", "description": "One Virtual Showroom 6 Month subscription", "billing_frequency": "6", "currency_iso_code": "USD", "currency_iso_code_ar": "Γò¬┬╗Γöÿ├¬Γöÿ├ñΓò¬┬║Γò¬ΓûÆ Γò¬├║Γöÿ├áΓò¬ΓûÆΓöÿ├¿Γöÿ├óΓöÿ├¿", "currency_iso_code_fr": "USD", "currency_iso_code_de": "US Dollar", "currency_iso_code_en": "USD", "interval_unit": "MONTH", "status": "ACTIVE", "has_trial": false, "trial_period": null, "trial_period_count": null, "paypal_id": "P-6HB613339X9544600MQLXCLA"}}, {"model": "payment.feature", "pk": 153, "fields": {"custom_id": "one-virtual-showroom-annual-virtual-showrooms-dev-03", "name": "One Virtual Showroom Annual", "name_ar": "Γò¬ΓòíΓò¬┬║Γöÿ├ñΓò¬ΓîÉ Γò¬ΓòúΓò¬ΓûÆΓò¬Γòó Γò¬┬║Γöÿ├╝Γò¬┬¼Γò¬ΓûÆΓò¬┬║Γò¬ΓòóΓöÿ├¿Γò¬ΓîÉ Γöÿ├¬Γò¬┬║Γò¬┬íΓò¬┬╗Γò¬ΓîÉ", "name_fr": "Une salle d'exposition virtuelle annuelle", "name_de": "Ein virtueller Ausstellungsraum jΓö£├▒hrlich", "name_en": "One Virtual Showroom Annual", "price": "600", "price_ar": "600", "price_fr": "600", "price_de": "600", "price_en": "600", "description": "One Virtual Showroom Annual subscription", "billing_frequency": "12", "currency_iso_code": "USD", "currency_iso_code_ar": "Γò¬┬╗Γöÿ├¬Γöÿ├ñΓò¬┬║Γò¬ΓûÆ Γò¬├║Γöÿ├áΓò¬ΓûÆΓöÿ├¿Γöÿ├óΓöÿ├¿", "currency_iso_code_fr": "USD", "currency_iso_code_de": "US Dollar", "currency_iso_code_en": "USD", "interval_unit": "YEAR", "status": "ACTIVE", "has_trial": false, "trial_period": null, "trial_period_count": null, "paypal_id": "P-52C80388RU038043RMQLXCLI"}}, {"model": "payment.feature", "pk": 154, "fields": {"custom_id": "multiple-virtual-showroom-monthly-virtual-showrooms-dev-03", "name": "Multiple Virtual Showrooms Monthly", "name_ar": "Γò¬ΓòíΓò¬┬║Γöÿ├ñΓò¬┬║Γò¬┬¼ Γò¬ΓòúΓò¬ΓûÆΓò¬Γòó Γò¬┬║Γöÿ├╝Γò¬┬¼Γò¬ΓûÆΓò¬┬║Γò¬ΓòóΓöÿ├¿Γò¬ΓîÉ Γöÿ├áΓò¬┬¼Γò¬ΓòúΓò¬┬╗Γò¬┬╗Γò¬ΓîÉ Γò¬ΓöñΓöÿ├ºΓò¬ΓûÆΓöÿ├¿Γò¬ΓîÉ", "name_fr": "Plusieurs salles d'exposition virtuelles mensuelles", "name_de": "Mehrere virtuelle AusstellungsrΓö£├▒ume monatlich", "name_en": "Multiple Virtual Showrooms Monthly", "price": "100", "price_ar": "100", "price_fr": "100", "price_de": "100", "price_en": "100", "description": "Multiple Virtual Showrooms Monthly subscription", "billing_frequency": "1", "currency_iso_code": "USD", "currency_iso_code_ar": "Γò¬┬╗Γöÿ├¬Γöÿ├ñΓò¬┬║Γò¬ΓûÆ Γò¬├║Γöÿ├áΓò¬ΓûÆΓöÿ├¿Γöÿ├óΓöÿ├¿", "currency_iso_code_fr": "USD", "currency_iso_code_de": "US Dollar", "currency_iso_code_en": "USD", "interval_unit": "MONTH", "status": "ACTIVE", "has_trial": false, "trial_period": null, "trial_period_count": null, "paypal_id": "P-91U20826NT823671PMQLXCLY"}}, {"model": "payment.feature", "pk": 155, "fields": {"custom_id": "multiple-virtual-showroom-6-month-virtual-showrooms-dev-03", "name": "Multiple Virtual Showrooms 6 Month", "name_ar": "Γò¬ΓòíΓò¬┬║Γöÿ├ñΓò¬┬║Γò¬┬¼ Γò¬ΓòúΓò¬ΓûÆΓò¬Γòó Γò¬┬║Γöÿ├╝Γò¬┬¼Γò¬ΓûÆΓò¬┬║Γò¬ΓòóΓöÿ├¿Γò¬ΓîÉ Γöÿ├áΓò¬┬¼Γò¬ΓòúΓò¬┬╗Γò¬┬╗Γò¬ΓîÉ 6 Γò¬├║Γò¬ΓöñΓöÿ├ºΓò¬ΓûÆ", "name_fr": "Plusieurs salles d'exposition virtuelles 6 mois", "name_de": "Mehrere virtuelle AusstellungsrΓö£├▒ume 6 Monate", "name_en": "Multiple Virtual Showrooms 6 Month", "price": "400", "price_ar": "400", "price_fr": "400", "price_de": "400", "price_en": "400", "description": "Multiple Virtual Showrooms 6 Month subscription", "billing_frequency": "6", "currency_iso_code": "USD", "currency_iso_code_ar": "Γò¬┬╗Γöÿ├¬Γöÿ├ñΓò¬┬║Γò¬ΓûÆ Γò¬├║Γöÿ├áΓò¬ΓûÆΓöÿ├¿Γöÿ├óΓöÿ├¿", "currency_iso_code_fr": "USD", "currency_iso_code_de": "US Dollar", "currency_iso_code_en": "USD", "interval_unit": "MONTH", "status": "ACTIVE", "has_trial": false, "trial_period": null, "trial_period_count": null, "paypal_id": "P-9HT85435J3520343PMQLXCMI"}}, {"model": "payment.feature", "pk": 156, "fields": {"custom_id": "multiple-virtual-showroom-annual-virtual-showrooms-dev-03", "name": "Multiple Virtual Showrooms Annual", "name_ar": "Γò¬ΓòíΓò¬┬║Γöÿ├ñΓò¬┬║Γò¬┬¼ Γò¬ΓòúΓò¬ΓûÆΓò¬Γòó Γò¬┬║Γöÿ├╝Γò¬┬¼Γò¬ΓûÆΓò¬┬║Γò¬ΓòóΓöÿ├¿Γò¬ΓîÉ Γöÿ├áΓò¬┬¼Γò¬ΓòúΓò¬┬╗Γò¬┬╗Γò¬ΓîÉ Γò¬ΓöéΓöÿ├ÑΓöÿ├¬Γöÿ├¿Γò¬ΓîÉ", "name_fr": "Plusieurs salles d'exposition virtuelles annuelles", "name_de": "Mehrere virtuelle AusstellungsrΓö£├▒ume jΓö£├▒hrlich", "name_en": "Multiple Virtual Showrooms Annual", "price": "800", "price_ar": "800", "price_fr": "800", "price_de": "800", "price_en": "800", "description": "Multiple Virtual Showrooms Annual subscription", "billing_frequency": "12", "currency_iso_code": "USD", "currency_iso_code_ar": "Γò¬┬╗Γöÿ├¬Γöÿ├ñΓò¬┬║Γò¬ΓûÆ Γò¬├║Γöÿ├áΓò¬ΓûÆΓöÿ├¿Γöÿ├óΓöÿ├¿", "currency_iso_code_fr": "USD", "currency_iso_code_de": "US Dollar", "currency_iso_code_en": "USD", "interval_unit": "YEAR", "status": "ACTIVE", "has_trial": false, "trial_period": null, "trial_period_count": null, "paypal_id": "P-0YS41833YB606360JMQLXCMQ"}}, {"model": "payment.feature", "pk": 157, "fields": {"custom_id": "one-virtual-showroom-monthly-digital-marketing-dev-03", "name": "One Virtual Showroom Monthly", "name_ar": "Γò¬ΓòíΓò¬┬║Γöÿ├ñΓò¬ΓîÉ Γò¬ΓòúΓò¬ΓûÆΓò¬Γòó Γò¬┬║Γöÿ├╝Γò¬┬¼Γò¬ΓûÆΓò¬┬║Γò¬ΓòóΓöÿ├¿Γò¬ΓîÉ Γöÿ├¬Γò¬┬║Γò¬┬íΓò¬┬╗Γò¬ΓîÉ Γò¬ΓöñΓöÿ├ºΓò¬ΓûÆΓöÿ├¿Γò¬ΓîÉ", "name_fr": "Une salle d'exposition virtuelle mensuelle", "name_de": "Ein monatlicher virtueller Ausstellungsraum", "name_en": "One Virtual Showroom Monthly", "price": "50", "price_ar": "50", "price_fr": "50", "price_de": "50", "price_en": "50", "description": "One Virtual Showroom Monthly subscription", "billing_frequency": "1", "currency_iso_code": "USD", "currency_iso_code_ar": "Γò¬┬╗Γöÿ├¬Γöÿ├ñΓò¬┬║Γò¬ΓûÆ Γò¬├║Γöÿ├áΓò¬ΓûÆΓöÿ├¿Γöÿ├óΓöÿ├¿", "currency_iso_code_fr": "USD", "currency_iso_code_de": "US Dollar", "currency_iso_code_en": "USD", "interval_unit": "MONTH", "status": "ACTIVE", "has_trial": false, "trial_period": null, "trial_period_count": null, "paypal_id": "P-3JS58160DJ039703MMQLXCNA"}}, {"model": "payment.feature", "pk": 158, "fields": {"custom_id": "one-virtual-showroom-6-month-digital-marketing-dev-03", "name": "One Virtual Showroom 6 Month", "name_ar": "Γò¬ΓòíΓò¬┬║Γöÿ├ñΓò¬ΓîÉ Γò¬ΓòúΓò¬ΓûÆΓò¬Γòó Γò¬┬║Γöÿ├╝Γò¬┬¼Γò¬ΓûÆΓò¬┬║Γò¬ΓòóΓöÿ├¿Γò¬ΓîÉ Γöÿ├¬Γò¬┬║Γò¬┬íΓò¬┬╗Γò¬ΓîÉ 6 Γò¬├║Γò¬ΓöñΓöÿ├ºΓò¬ΓûÆ", "name_fr": "Une salle d'exposition virtuelle 6 mois", "name_de": "Ein virtueller Showroom 6 Monate", "name_en": "One Virtual Showroom 6 Month", "price": "250", "price_ar": "250", "price_fr": "250", "price_de": "250", "price_en": "250", "description": "One Virtual Showroom 6 Month subscription", "billing_frequency": "6", "currency_iso_code": "USD", "currency_iso_code_ar": "Γò¬┬╗Γöÿ├¬Γöÿ├ñΓò¬┬║Γò¬ΓûÆ Γò¬├║Γöÿ├áΓò¬ΓûÆΓöÿ├¿Γöÿ├óΓöÿ├¿", "currency_iso_code_fr": "USD", "currency_iso_code_de": "US Dollar", "currency_iso_code_en": "USD", "interval_unit": "MONTH", "status": "ACTIVE", "has_trial": false, "trial_period": null, "trial_period_count": null, "paypal_id": "P-2SK34406L3897763GMQLXCNI"}}, {"model": "payment.feature", "pk": 159, "fields": {"custom_id": "one-virtual-showroom-annual-digital-marketing-dev-03", "name": "One Virtual Showroom Annual", "name_ar": "Γò¬ΓòíΓò¬┬║Γöÿ├ñΓò¬ΓîÉ Γò¬ΓòúΓò¬ΓûÆΓò¬Γòó Γò¬┬║Γöÿ├╝Γò¬┬¼Γò¬ΓûÆΓò¬┬║Γò¬ΓòóΓöÿ├¿Γò¬ΓîÉ Γöÿ├¬Γò¬┬║Γò¬┬íΓò¬┬╗Γò¬ΓîÉ", "name_fr": "Une salle d'exposition virtuelle annuelle", "name_de": "Ein virtueller Ausstellungsraum jΓö£├▒hrlich", "name_en": "One Virtual Showroom Annual", "price": "500", "price_ar": "500", "price_fr": "500", "price_de": "500", "price_en": "500", "description": "One Virtual Showroom Annual subscription", "billing_frequency": "12", "currency_iso_code": "USD", "currency_iso_code_ar": "Γò¬┬╗Γöÿ├¬Γöÿ├ñΓò¬┬║Γò¬ΓûÆ Γò¬├║Γöÿ├áΓò¬ΓûÆΓöÿ├¿Γöÿ├óΓöÿ├¿", "currency_iso_code_fr": "USD", "currency_iso_code_de": "US Dollar", "currency_iso_code_en": "USD", "interval_unit": "YEAR", "status": "ACTIVE", "has_trial": false, "trial_period": null, "trial_period_count": null, "paypal_id": "P-1S601717BB232842FMQLXCNY"}}, {"model": "payment.feature", "pk": 160, "fields": {"custom_id": "multiple-virtual-showroom-monthly-digital-marketing-dev-03", "name": "Multiple Virtual Showrooms Monthly", "name_ar": "Γò¬ΓòíΓò¬┬║Γöÿ├ñΓò¬┬║Γò¬┬¼ Γò¬ΓòúΓò¬ΓûÆΓò¬Γòó Γò¬┬║Γöÿ├╝Γò¬┬¼Γò¬ΓûÆΓò¬┬║Γò¬ΓòóΓöÿ├¿Γò¬ΓîÉ Γöÿ├áΓò¬┬¼Γò¬ΓòúΓò¬┬╗Γò¬┬╗Γò¬ΓîÉ Γò¬ΓöñΓöÿ├ºΓò¬ΓûÆΓöÿ├¿Γò¬ΓîÉ", "name_fr": "Plusieurs salles d'exposition virtuelles mensuelles", "name_de": "Mehrere virtuelle AusstellungsrΓö£├▒ume monatlich", "name_en": "Multiple Virtual Showrooms Monthly", "price": "100", "price_ar": "100", "price_fr": "100", "price_de": "100", "price_en": "100", "description": "Multiple Virtual Showrooms Monthly subscription", "billing_frequency": "1", "currency_iso_code": "USD", "currency_iso_code_ar": "Γò¬┬╗Γöÿ├¬Γöÿ├ñΓò¬┬║Γò¬ΓûÆ Γò¬├║Γöÿ├áΓò¬ΓûÆΓöÿ├¿Γöÿ├óΓöÿ├¿", "currency_iso_code_fr": "USD", "currency_iso_code_de": "US Dollar", "currency_iso_code_en": "USD", "interval_unit": "MONTH", "status": "ACTIVE", "has_trial": false, "trial_period": null, "trial_period_count": null, "paypal_id": "P-7Y806655XM4015228MQLXCOI"}}, {"model": "payment.feature", "pk": 161, "fields": {"custom_id": "multiple-virtual-showroom-6-month-digital-marketing-dev-03", "name": "Multiple Virtual Showrooms 6 Month", "name_ar": "Γò¬ΓòíΓò¬┬║Γöÿ├ñΓò¬┬║Γò¬┬¼ Γò¬ΓòúΓò¬ΓûÆΓò¬Γòó Γò¬┬║Γöÿ├╝Γò¬┬¼Γò¬ΓûÆΓò¬┬║Γò¬ΓòóΓöÿ├¿Γò¬ΓîÉ Γöÿ├áΓò¬┬¼Γò¬ΓòúΓò¬┬╗Γò¬┬╗Γò¬ΓîÉ 6 Γò¬├║Γò¬ΓöñΓöÿ├ºΓò¬ΓûÆ", "name_fr": "Plusieurs salles d'exposition virtuelles 6 mois", "name_de": "Mehrere virtuelle AusstellungsrΓö£├▒ume 6 Monate", "name_en": "Multiple Virtual Showrooms 6 Month", "price": "500", "price_ar": "500", "price_fr": "500", "price_de": "500", "price_en": "500", "description": "Multiple Virtual Showrooms 6 Month subscription", "billing_frequency": "6", "currency_iso_code": "USD", "currency_iso_code_ar": "Γò¬┬╗Γöÿ├¬Γöÿ├ñΓò¬┬║Γò¬ΓûÆ Γò¬├║Γöÿ├áΓò¬ΓûÆΓöÿ├¿Γöÿ├óΓöÿ├¿", "currency_iso_code_fr": "USD", "currency_iso_code_de": "US Dollar", "currency_iso_code_en": "USD", "interval_unit": "MONTH", "status": "ACTIVE", "has_trial": false, "trial_period": null, "trial_period_count": null, "paypal_id": "P-5MF40845VK110810CMQLXCOQ"}}, {"model": "payment.feature", "pk": 162, "fields": {"custom_id": "multiple-virtual-showroom-annual-digital-marketing-dev-03", "name": "Multiple Virtual Showrooms Annual", "name_ar": "Γò¬ΓòíΓò¬┬║Γöÿ├ñΓò¬┬║Γò¬┬¼ Γò¬ΓòúΓò¬ΓûÆΓò¬Γòó Γò¬┬║Γöÿ├╝Γò¬┬¼Γò¬ΓûÆΓò¬┬║Γò¬ΓòóΓöÿ├¿Γò¬ΓîÉ Γöÿ├áΓò¬┬¼Γò¬ΓòúΓò¬┬╗Γò¬┬╗Γò¬ΓîÉ Γò¬ΓöéΓöÿ├ÑΓöÿ├¬Γöÿ├¿Γò¬ΓîÉ", "name_fr": "Plusieurs salles d'exposition virtuelles annuelles", "name_de": "Mehrere virtuelle AusstellungsrΓö£├▒ume jΓö£├▒hrlich", "name_en": "Multiple Virtual Showrooms Annual", "price": "1000", "price_ar": "1000", "price_fr": "1000", "price_de": "1000", "price_en": "1000", "description": "Multiple Virtual Showrooms Annual subscription", "billing_frequency": "12", "currency_iso_code": "USD", "currency_iso_code_ar": "Γò¬┬╗Γöÿ├¬Γöÿ├ñΓò¬┬║Γò¬ΓûÆ Γò¬├║Γöÿ├áΓò¬ΓûÆΓöÿ├¿Γöÿ├óΓöÿ├¿", "currency_iso_code_fr": "USD", "currency_iso_code_de": "US Dollar", "currency_iso_code_en": "USD", "interval_unit": "YEAR", "status": "ACTIVE", "has_trial": false, "trial_period": null, "trial_period_count": null, "paypal_id": "P-9ER55029S8681152HMQLXCPA"}}, {"model": "payment.feature", "pk": 163, "fields": {"custom_id": "local-marketing-monthly-dev-03", "name": "Local Marketing Monthly", "name_ar": "Γò¬┬║Γöÿ├ñΓò¬┬¼Γò¬ΓöéΓöÿ├¬Γöÿ├¿Γöÿ├⌐ Γò¬┬║Γöÿ├ñΓöÿ├áΓò¬┬íΓöÿ├ñΓöÿ├¿ Γò¬ΓöñΓöÿ├ºΓò¬ΓûÆΓöÿ├¿Γöÿ├»Γò¬┬║", "name_fr": "Marketing local mensuellement", "name_de": "Lokales Marketing monatlich", "name_en": "Local Marketing Monthly", "price": "500", "price_ar": "500", "price_fr": "500", "price_de": "500", "price_en": "500", "description": "Local Marketing Monthly subscription", "billing_frequency": "1", "currency_iso_code": "USD", "currency_iso_code_ar": "Γò¬┬╗Γöÿ├¬Γöÿ├ñΓò¬┬║Γò¬ΓûÆ Γò¬├║Γöÿ├áΓò¬ΓûÆΓöÿ├¿Γöÿ├óΓöÿ├¿", "currency_iso_code_fr": "USD", "currency_iso_code_de": "US Dollar", "currency_iso_code_en": "USD", "interval_unit": "MONTH", "status": "ACTIVE", "has_trial": false, "trial_period": null, "trial_period_count": null, "paypal_id": "P-4VF79866704409916MQLXCPQ"}}, {"model": "payment.feature", "pk": 164, "fields": {"custom_id": "local-marketing-6-month-dev-03", "name": "Local Marketing 6 Month", "name_ar": "Γò¬┬║Γöÿ├ñΓò¬┬¼Γò¬ΓöéΓöÿ├¬Γöÿ├¿Γöÿ├⌐ Γò¬┬║Γöÿ├ñΓöÿ├áΓò¬┬íΓöÿ├ñΓöÿ├¿ 6 Γò¬├║Γò¬ΓöñΓöÿ├ºΓò¬ΓûÆ", "name_fr": "Marketing local 6 mois", "name_de": "Lokales Marketing 6 Monate", "name_en": "Local Marketing 6 Month", "price": "2500", "price_ar": "2500", "price_fr": "2500", "price_de": "2500", "price_en": "2500", "description": "Local Marketing 6 Month subscription", "billing_frequency": "6", "currency_iso_code": "USD", "currency_iso_code_ar": "Γò¬┬╗Γöÿ├¬Γöÿ├ñΓò¬┬║Γò¬ΓûÆ Γò¬├║Γöÿ├áΓò¬ΓûÆΓöÿ├¿Γöÿ├óΓöÿ├¿", "currency_iso_code_fr": "USD", "currency_iso_code_de": "US Dollar", "currency_iso_code_en": "USD", "interval_unit": "MONTH", "status": "ACTIVE", "has_trial": false, "trial_period": null, "trial_period_count": null, "paypal_id": "P-8MN42949PC031381WMQLXCPY"}}, {"model": "payment.feature", "pk": 165, "fields": {"custom_id": "local-marketing-annual-dev-03", "name": "Local Marketing Annual", "name_ar": "Γò¬┬║Γöÿ├ñΓò¬┬¼Γò¬ΓöéΓöÿ├¬Γöÿ├¿Γöÿ├⌐ Γò¬┬║Γöÿ├ñΓöÿ├áΓò¬┬íΓöÿ├ñΓöÿ├¿ Γò¬┬║Γöÿ├ñΓò¬ΓöéΓöÿ├ÑΓöÿ├¬Γöÿ├¿", "name_fr": "Annuaire du marketing local", "name_de": "Lokales Marketing jΓö£├▒hrlich", "name_en": "Local Marketing Annual", "price": "5000", "price_ar": "5000", "price_fr": "5000", "price_de": "5000", "price_en": "5000", "description": "Local Marketing Annual subscription", "billing_frequency": "12", "currency_iso_code": "USD", "currency_iso_code_ar": "Γò¬┬╗Γöÿ├¬Γöÿ├ñΓò¬┬║Γò¬ΓûÆ Γò¬├║Γöÿ├áΓò¬ΓûÆΓöÿ├¿Γöÿ├óΓöÿ├¿", "currency_iso_code_fr": "USD", "currency_iso_code_de": "US Dollar", "currency_iso_code_en": "USD", "interval_unit": "YEAR", "status": "ACTIVE", "has_trial": false, "trial_period": null, "trial_period_count": null, "paypal_id": "P-0XU98103UF962371DMQLXCQI"}}, {"model": "payment.membership", "pk": 75, "fields": {"membership_type": "PAYPAL", "client": 2, "feature": 158, "previous_feature": null, "upgrading_to": 158, "start_date": "2023-03-20", "expiry_date": null, "status": true, "payment_completed": true}}, {"model": "payment.paypalsubscription", "pk": 13, "fields": {"membership": 75, "order_key": "I-YXJJ1UF468UJ", "created_on": "2023-03-20"}}, {"model": "payment.paypalproduct", "pk": 4, "fields": {"custom_id": "Foroden-B2B-DEV-02", "name": "Foroden B2B", "ProductType": "SERVICE", "description": "Foroden B2B subscription"}}, {"model": "payment.paypalproduct", "pk": 5, "fields": {"custom_id": "Foroden-B2B-DEV-03", "name": "Foroden B2B", "ProductType": "SERVICE", "description": "Foroden B2B subscription"}}, {"model": "auth_app.user", "pk": 1, "fields": {"password": "pbkdf2_sha256$320000$Q67IKRuykPS49L2uVZNQfW$RAkkjJokdH7ZLzjocpUjvChFAm5c0sKaA0nc71mI6a4=", "last_login": "2023-12-12T11:50:17.525Z", "is_superuser": true, "username": "mugisa", "first_name": "", "first_name_ar": null, "first_name_fr": null, "first_name_de": null, "first_name_en": null, "last_name": "", "last_name_ar": null, "last_name_fr": null, "last_name_de": null, "last_name_en": null, "email": "", "is_staff": true, "is_active": true, "date_joined": "2022-09-08T19:39:49Z", "account_type": "ADMIN", "image": "test/profiledefault.png", "is_email_activated": true, "groups": [], "user_permissions": []}}, {"model": "auth_app.user", "pk": 2, "fields": {"password": "!vpVbzr7zyYupa3R7iTku4bWGY2I3nv61pb5hiSVN", "last_login": "2023-12-11T19:38:14.755Z", "is_superuser": false, "username": "phillipmugisa", "first_name": "phillip", "first_name_ar": null, "first_name_fr": null, "first_name_de": null, "first_name_en": "phillip", "last_name": "mugisa", "last_name_ar": null, "last_name_fr": null, "last_name_de": null, "last_name_en": "mugisa", "email": "phillipmugisa4@gmail.com", "is_staff": false, "is_active": true, "date_joined": "2022-09-08T20:05:51.633Z", "account_type": "SUPPLIER", "image": "test/profiledefault.png", "is_email_activated": true, "groups": [], "user_permissions": []}}, {"model": "auth_app.user", "pk": 15, "fields": {"password": "pbkdf2_sha256$600000$5gPUIu7J6OfXa9cncKLjC6$dNcqF5W5b2CD0X/j6NCzs4zlw0qmMt3nRYfF4EEGdVo=", "last_login": "2023-12-11T19:38:33.158Z", "is_superuser": false, "username": "mugisaphillip", "first_name": "Phillip", "first_name_ar": "Phillip", "first_name_fr": "Phillip", "first_name_de": "Phillip", "first_name_en": "Phillip", "last_name": "Mugisa", "last_name_ar": "Mugisa", "last_name_fr": "Mugisa", "last_name_de": "Mugisa", "last_name_en": "Mugisa", "email": "phillipmugisa9@gmail.com", "is_staff": false, "is_active": true, "date_joined": "2023-03-06T20:24:57.449Z", "account_type": "BUYER", "image": "test/profiledefault.png", "is_email_activated": true, "groups": [], "user_permissions": []}}, {"model": "auth_app.clientprofile", "pk": 1, "fields": {"user": 2, "business_name": "Fututech", "business_name_ar": "Fututech", "business_name_fr": "Fututech", "business_name_de": "Fututech", "business_name_en": "Fututech", "slug": "fututech", "business_description": "One morning, when Gregor Samsa woke from troubled dreams, he found himself transformed in his bed into a horrible vermin. He lay on his armour-like back, and if he lifted his head a little he could see his brown belly, slightly domed and divided by arches into stiff sections. The bedding was hardly able to cover it and seemed ready to slide off any moment. His many legs, pitifully thin compared with the size of the rest of him", "business_description_ar": "Γöÿ├╝Γöÿ├¿ Γò¬ΓòíΓò¬┬┐Γò¬┬║Γò¬┬í Γò¬├║Γò¬┬íΓò¬┬╗ Γò¬┬║Γöÿ├ñΓò¬├║Γöÿ├¿Γò¬┬║Γöÿ├á Γò¬├« Γò¬ΓòúΓöÿ├ÑΓò¬┬╗Γöÿ├áΓò¬┬║ Γò¬┬║Γò¬ΓöéΓò¬┬¼Γöÿ├¿Γöÿ├⌐Γò¬Γòò Γò¬┬╝Γò¬ΓûÆΓöÿ├¿Γò¬┬╝Γöÿ├¬Γò¬ΓûÆ Γò¬ΓöéΓò¬┬║Γöÿ├áΓò¬ΓöéΓò¬┬║ Γöÿ├áΓöÿ├Ñ Γò¬┬║Γöÿ├ñΓò¬├║Γò¬┬íΓöÿ├ñΓò¬┬║Γöÿ├á Γò¬┬║Γöÿ├ñΓöÿ├áΓò¬ΓòóΓò¬ΓòûΓò¬ΓûÆΓò¬┬┐Γò¬ΓîÉ Γò¬├« Γöÿ├¬Γò¬┬╝Γò¬┬╗ Γöÿ├ÑΓöÿ├╝Γò¬ΓöéΓöÿ├º Γò¬┬¼Γò¬┬íΓöÿ├¬Γöÿ├ñ Γöÿ├╝Γöÿ├¿ Γò¬ΓöéΓò¬ΓûÆΓöÿ├¿Γò¬ΓûÆΓöÿ├º Γò¬├æΓöÿ├ñΓöÿ├½ Γò¬┬íΓò¬ΓöñΓò¬ΓûÆΓò¬┬║Γò¬┬¼ Γöÿ├╝Γò¬ΓòòΓöÿ├¿Γò¬ΓòúΓò¬ΓîÉ.Γöÿ├ñΓöÿ├⌐Γò¬┬╗ Γò¬┬║Γò¬ΓöéΓò¬┬¼Γöÿ├ñΓöÿ├⌐Γöÿ├¿ Γò¬ΓòúΓöÿ├ñΓöÿ├½ Γò¬ΓòòΓöÿ├ºΓò¬ΓûÆΓöÿ├º Γò¬┬║Γöÿ├ñΓò¬ΓûæΓöÿ├¿ Γöÿ├¿Γò¬ΓöñΓò¬┬┐Γöÿ├º Γò¬┬║Γöÿ├ñΓò¬┬╗Γò¬ΓûÆΓöÿ├¬Γò¬Γòú Γò¬├« Γöÿ├¬Γò¬├æΓò¬ΓûæΓò¬┬║ Γò¬ΓûÆΓöÿ├╝Γò¬Γòú Γò¬ΓûÆΓò¬├║Γò¬ΓöéΓöÿ├º Γöÿ├⌐Γöÿ├ñΓöÿ├¿Γöÿ├ñΓò¬┬║Γöÿ├» Γò¬├« Γöÿ├╝Γöÿ├⌐Γò¬┬╗ Γöÿ├¿Γò¬ΓûÆΓöÿ├½ Γò¬┬┐Γò¬ΓòûΓöÿ├ÑΓöÿ├º Γò¬┬║Γöÿ├ñΓò¬┬┐Γöÿ├ÑΓöÿ├¿ Γò¬├« Γöÿ├áΓöÿ├⌐Γò¬┬┐Γò¬┬┐Γöÿ├»Γò¬┬║ Γöÿ├⌐Γöÿ├ñΓöÿ├¿Γöÿ├ñΓò¬┬║Γöÿ├» Γöÿ├¬Γöÿ├áΓöÿ├⌐Γò¬ΓöéΓöÿ├áΓöÿ├»Γò¬┬║ Γò¬┬┐Γò¬├║Γöÿ├⌐Γöÿ├¬Γò¬┬║Γò¬Γöé Γò¬├æΓöÿ├ñΓöÿ├½ Γò¬├║Γöÿ├⌐Γò¬ΓöéΓò¬┬║Γöÿ├á Γöÿ├⌐Γò¬┬║Γò¬ΓöéΓöÿ├¿Γò¬ΓîÉ.Γöÿ├ñΓöÿ├á Γöÿ├¿Γöÿ├óΓöÿ├Ñ Γò¬┬║Γöÿ├ñΓöÿ├╝Γò¬ΓûÆΓò¬┬║Γò¬Γöñ Γöÿ├⌐Γò¬┬║Γò¬┬╗Γò¬ΓûÆΓöÿ├»Γò¬┬║ Γò¬ΓòúΓöÿ├ñΓöÿ├½ Γò¬┬¼Γò¬ΓòæΓò¬ΓòûΓöÿ├¿Γò¬┬¼Γöÿ├º Γöÿ├¬Γöÿ├¿Γò¬┬┐Γò¬┬╗Γöÿ├¬ Γò¬├║Γöÿ├ÑΓöÿ├º Γöÿ├áΓò¬ΓöéΓò¬┬¼Γò¬ΓòúΓò¬┬╗ Γöÿ├ñΓöÿ├ñΓò¬┬║Γöÿ├ÑΓò¬ΓûôΓöÿ├ñΓò¬┬║Γöÿ├⌐ Γöÿ├╝Γöÿ├¿ Γò¬├║Γöÿ├¿ Γöÿ├ñΓò¬┬íΓò¬ΓòòΓò¬ΓîÉ.Γò¬├║Γò¬ΓûÆΓò¬┬╝Γöÿ├ñΓöÿ├º Γò¬┬║Γöÿ├ñΓò¬ΓòúΓò¬┬╗Γöÿ├¿Γò¬┬╗Γò¬ΓîÉ Γò¬├« Γò¬ΓûÆΓöÿ├⌐Γöÿ├¿Γöÿ├⌐Γò¬ΓîÉ Γò¬┬┐Γò¬ΓöñΓöÿ├óΓöÿ├ñ Γöÿ├óΓò¬┬┐Γöÿ├¿Γò¬ΓûÆ Γöÿ├áΓöÿ├⌐Γò¬┬║Γò¬ΓûÆΓöÿ├ÑΓò¬ΓîÉ Γò¬┬┐Γò¬┬íΓò¬┬╝Γöÿ├á Γò¬┬┐Γöÿ├⌐Γöÿ├¿Γò¬ΓîÉΓöÿ├º", "business_description_fr": "Un matin, lorsque Gregor Samsa s'est rΓö£ΓîÉveillΓö£ΓîÉ de rΓö£┬¼ves troublΓö£ΓîÉs, il s'est retrouvΓö£ΓîÉ transformΓö£ΓîÉ dans son lit en une vermine horrible.Il Γö£ΓîÉtait allongΓö£ΓîÉ sur son dos en forme d'armour, et s'il levait la tΓö£┬¼te un peu, il pouvait voir son ventre brun, lΓö£ΓîÉgΓö£┬┐rement bombΓö£ΓîÉ et divisΓö£ΓîÉ par des arches en sections raides.La literie n'Γö£ΓîÉtait guΓö£┬┐re en mesure de le couvrir et semblait prΓö£┬¼t Γö£├í glisser Γö£├í tout moment.Ses nombreuses jambes, minces pitoyablement par rapport Γö£├í la taille du reste de lui", "business_description_de": "Eines Morgens, als Gregor Samsa aus unruhigen TrΓö£├▒umen aufwachte, verwandelte er sich in seinem Bett in eine schreckliche Ungeziefer.Er lag auf seinem rΓö£Γò¥stigen RΓö£Γò¥cken, und wenn er seinen Kopf ein wenig hob, konnte er seinen braunen Bauch sehen, leicht gewΓö£Γòólbt und durch BΓö£Γòógen in steife Abschnitte unterteilt.Die BettwΓö£├▒sche war kaum in der Lage, sie abzudecken, und schien jeden Moment bereit zu schieben.Seine vielen Beine, erbΓö£├▒rmlich dΓö£Γò¥nn im Vergleich zur GrΓö£ΓòóΓö£╞Æe des Restes von ihm", "business_description_en": "One morning, when Gregor Samsa woke from troubled dreams, he found himself transformed in his bed into a horrible vermin. He lay on his armour-like back, and if he lifted his head a little he could see his brown belly, slightly domed and divided by arches into stiff sections. The bedding was hardly able to cover it and seemed ready to slide off any moment. His many legs, pitifully thin compared with the size of the rest of him", "country": "Uganda", "country_ar": "Γò¬├║Γöÿ├¬Γò¬ΓòæΓöÿ├ÑΓò¬┬╗Γò¬┬║", "country_fr": "Ouganda", "country_de": "Uganda", "country_en": "Uganda", "country_code": "256", "country_code_ar": "256", "country_code_fr": "256", "country_code_de": "256", "country_code_en": "256", "city": "Kampala", "city_ar": "Γöÿ├óΓöÿ├áΓò¬┬┐Γò¬┬║Γöÿ├ñΓò¬┬║", "city_fr": "Kampala", "city_de": "Kampala", "city_en": "Kampala", "mobile_user": "0782047612", "mobile_user_ar": "0782047612", "mobile_user_fr": "0782047612", "mobile_user_de": "0782047612", "mobile_user_en": "0782047612", "vat_number": "45678907345678", "legal_etity_identifier": "TU78 YUI7 YUI8 O678", "website": "https://mugisathedev.netlify.app", "customer_id": "86984726523", "image": "test/django.png", "team": [2]}}, {"model": "auth_app.clientprofile", "pk": 2, "fields": {"user": 15, "business_name": "Breezer", "business_name_ar": "Γò¬┬┐Γöÿ├¿Γò¬ΓûÆΓöÿ├¿Γò¬ΓûôΓò¬ΓûÆ", "business_name_fr": "Biriezer", "business_name_de": "Birezer", "business_name_en": "Breezer", "slug": "breezer", "business_description": "XYZ Company is a small business that specializes in providing high-quality products and services to customers in the local community. With a team of experienced professionals, we are dedicated to delivering exceptional customer service and meeting the unique needs of our clients.\r\n\r\nOur product line includes a wide range of goods, including home appliances, electronic gadgets, clothing, and beauty products. We work with top-rated manufacturers and suppliers to ensure that our products are of the highest quality and meet the expectations of our customers.", "business_description_ar": "Γò¬ΓöñΓò¬ΓûÆΓöÿ├óΓò¬ΓîÉ XYZ Γöÿ├ºΓöÿ├¿ Γò¬ΓöñΓò¬ΓûÆΓöÿ├óΓò¬ΓîÉ Γò¬ΓòíΓò¬ΓòæΓöÿ├¿Γò¬ΓûÆΓò¬ΓîÉ Γöÿ├áΓò¬┬¼Γò¬┬½Γò¬ΓòíΓò¬ΓòíΓò¬ΓîÉ Γöÿ├╝Γöÿ├¿ Γò¬┬¼Γöÿ├¬Γöÿ├╝Γöÿ├¿Γò¬ΓûÆ Γöÿ├áΓöÿ├ÑΓò¬┬¼Γò¬┬╝Γò¬┬║Γò¬┬¼ Γöÿ├¬Γò¬┬½Γò¬┬╗Γöÿ├áΓò¬┬║Γò¬┬¼ Γò¬ΓòúΓò¬┬║Γöÿ├ñΓöÿ├¿Γò¬ΓîÉ Γò¬┬║Γöÿ├ñΓò¬┬╝Γöÿ├¬Γò¬┬╗Γò¬ΓîÉ Γöÿ├ñΓöÿ├ñΓò¬ΓòúΓöÿ├áΓöÿ├ñΓò¬┬║Γò¬├¡ Γöÿ├╝Γöÿ├¿ Γò¬┬║Γöÿ├ñΓöÿ├áΓò¬┬╝Γò¬┬¼Γöÿ├áΓò¬Γòú Γò¬┬║Γöÿ├ñΓöÿ├áΓò¬┬íΓöÿ├ñΓöÿ├¿.Γöÿ├áΓò¬Γòú Γöÿ├╝Γò¬ΓûÆΓöÿ├¿Γöÿ├⌐ Γöÿ├áΓöÿ├Ñ Γò¬┬║Γöÿ├ñΓöÿ├áΓöÿ├ºΓöÿ├ÑΓöÿ├¿Γöÿ├¿Γöÿ├Ñ Γò¬ΓûæΓöÿ├¬Γöÿ├¿ Γò¬┬║Γöÿ├ñΓò¬┬½Γò¬┬┐Γò¬ΓûÆΓò¬ΓîÉ Γò¬├« Γöÿ├ÑΓò¬┬íΓöÿ├Ñ Γöÿ├áΓöÿ├ñΓò¬┬¼Γò¬ΓûôΓöÿ├áΓöÿ├¬Γöÿ├Ñ Γò¬┬┐Γò¬┬¼Γöÿ├⌐Γò¬┬╗Γöÿ├¿Γöÿ├á Γò¬┬½Γò¬┬╗Γöÿ├áΓò¬ΓîÉ Γò¬ΓòúΓöÿ├áΓöÿ├ñΓò¬┬║Γò¬├¡ Γò¬┬║Γò¬ΓöéΓò¬┬¼Γò¬┬╜Γöÿ├ÑΓò¬┬║Γò¬┬¬Γöÿ├¿Γò¬ΓîÉ Γöÿ├¬Γò¬┬¼Γöÿ├ñΓò¬┬┐Γöÿ├¿Γò¬ΓîÉ Γò¬┬║Γöÿ├ñΓò¬┬║Γò¬┬íΓò¬┬¼Γöÿ├¿Γò¬┬║Γò¬┬╝Γò¬┬║Γò¬┬¼ Γò¬┬║Γöÿ├ñΓöÿ├╝Γò¬ΓûÆΓöÿ├¿Γò¬┬╗Γò¬ΓîÉ Γöÿ├ñΓò¬ΓòúΓöÿ├áΓöÿ├ñΓò¬┬║Γò¬┬¬Γöÿ├ÑΓò¬┬║.\r\n\r\nΓöÿ├¿Γò¬┬¼Γò¬ΓòóΓöÿ├áΓöÿ├Ñ Γò¬┬½Γò¬Γòû Γöÿ├áΓöÿ├ÑΓò¬┬¼Γò¬┬╝Γò¬┬║Γò¬┬¼Γöÿ├ÑΓò¬┬║ Γöÿ├áΓò¬┬╝Γöÿ├áΓöÿ├¬Γò¬ΓòúΓò¬ΓîÉ Γöÿ├¬Γò¬┬║Γò¬ΓöéΓò¬ΓòúΓò¬ΓîÉ Γöÿ├áΓöÿ├Ñ Γò¬┬║Γöÿ├ñΓò¬┬┐Γò¬ΓòóΓò¬┬║Γò¬┬¬Γò¬Γòú Γò¬├« Γò¬┬┐Γöÿ├áΓò¬┬║ Γöÿ├╝Γöÿ├¿ Γò¬ΓûæΓöÿ├ñΓöÿ├ó Γò¬┬║Γöÿ├ñΓò¬├║Γò¬┬╝Γöÿ├ºΓò¬ΓûôΓò¬ΓîÉ Γò¬┬║Γöÿ├ñΓöÿ├áΓöÿ├ÑΓò¬ΓûôΓöÿ├ñΓöÿ├¿Γò¬ΓîÉ Γöÿ├¬Γò¬┬║Γöÿ├ñΓò¬├║Γò¬┬╗Γöÿ├¬Γò¬┬║Γò¬┬¼ Γò¬┬║Γöÿ├ñΓò¬├æΓöÿ├ñΓöÿ├óΓò¬┬¼Γò¬ΓûÆΓöÿ├¬Γöÿ├ÑΓöÿ├¿Γò¬ΓîÉ Γöÿ├¬Γò¬┬║Γöÿ├ñΓöÿ├áΓöÿ├ñΓò¬┬║Γò¬┬┐Γò¬Γöé Γöÿ├¬Γöÿ├áΓöÿ├ÑΓò¬┬¼Γò¬┬╝Γò¬┬║Γò¬┬¼ Γò¬┬║Γöÿ├ñΓò¬┬¼Γò¬┬╝Γöÿ├áΓöÿ├¿Γöÿ├ñ.Γöÿ├ÑΓò¬┬íΓöÿ├Ñ Γöÿ├ÑΓò¬ΓòúΓöÿ├áΓöÿ├ñ Γöÿ├áΓò¬Γòú Γò¬┬║Γöÿ├ñΓò¬ΓöñΓò¬ΓûÆΓöÿ├óΓò¬┬║Γò¬┬¼ Γò¬┬║Γöÿ├ñΓöÿ├áΓò¬ΓòíΓöÿ├ÑΓò¬ΓòúΓò¬ΓîÉ Γöÿ├¬Γò¬┬║Γöÿ├ñΓöÿ├áΓöÿ├¬Γò¬ΓûÆΓò¬┬╗Γöÿ├¿Γöÿ├Ñ Γò¬ΓûæΓò¬┬║Γò¬┬¼ Γò¬┬║Γöÿ├ñΓò¬┬¼Γò¬ΓòíΓöÿ├ÑΓöÿ├¿Γöÿ├╝ Γò¬┬║Γöÿ├ñΓò¬├║Γò¬ΓòúΓöÿ├ñΓöÿ├½ Γöÿ├ñΓò¬ΓòóΓöÿ├áΓò¬┬║Γöÿ├Ñ Γò¬├║Γöÿ├Ñ Γò¬┬¼Γöÿ├óΓöÿ├¬Γöÿ├Ñ Γöÿ├áΓöÿ├ÑΓò¬┬¼Γò¬┬╝Γò¬┬║Γò¬┬¼Γöÿ├ÑΓò¬┬║ Γöÿ├áΓöÿ├Ñ Γò¬├║Γò¬ΓòúΓöÿ├ñΓöÿ├½ Γò¬┬╝Γöÿ├¬Γò¬┬╗Γò¬ΓîÉ Γöÿ├¬Γò¬┬¼Γöÿ├ñΓò¬┬┐Γöÿ├¿Γò¬ΓîÉ Γò¬┬¼Γöÿ├¬Γöÿ├⌐Γò¬ΓòúΓò¬┬║Γò¬┬¼ Γò¬ΓòúΓöÿ├áΓöÿ├ñΓò¬┬║Γò¬┬¬Γöÿ├ÑΓò¬┬║.", "business_description_fr": "XYZ Company est une petite entreprise spΓö£ΓîÉcialisΓö£ΓîÉe dans la fourniture de produits et services de haute qualitΓö£ΓîÉ aux clients de la communautΓö£ΓîÉ locale.Avec une Γö£ΓîÉquipe de professionnels expΓö£ΓîÉrimentΓö£ΓîÉs, nous nous engageons Γö£├í fournir un service client exceptionnel et Γö£├í rΓö£ΓîÉpondre aux besoins uniques de nos clients.\r\n\r\nNotre gamme de produits comprend un large Γö£ΓîÉventail de marchandises, y compris les appareils Γö£ΓîÉlectromΓö£ΓîÉnagers, les gadgets Γö£ΓîÉlectroniques, les vΓö£┬¼tements et les produits de beautΓö£ΓîÉ.Nous travaillons avec des fabricants et des fournisseurs les mieux notΓö£ΓîÉs pour nous assurer que nos produits sont de la plus haute qualitΓö£ΓîÉ et rΓö£ΓîÉpondent aux attentes de nos clients.", "business_description_de": "Das XYZ Company ist ein kleines Unternehmen, das Kunden in der Γö£Γòórtlichen Gemeinde qualitativ hochwertige Produkte und Dienstleistungen bereitstellt.Mit einem Team erfahrener FachkrΓö£├▒fte sind wir bestrebt, einen auΓö£╞ÆergewΓö£Γòóhnlichen Kundenservice zu bieten und die besonderen BedΓö£Γò¥rfnisse unserer Kunden zu erfΓö£Γò¥llen.\r\n\r\nUnsere Produktlinie umfasst eine breite Palette von Waren, darunter HausgerΓö£├▒te, elektronische GerΓö£├▒te, Kleidung und SchΓö£Γòónheitsprodukte.Wir arbeiten mit hoch bewerteten Herstellern und Lieferanten zusammen, um sicherzustellen, dass unsere Produkte von hΓö£Γòóchster QualitΓö£├▒t sind und die Erwartungen unserer Kunden erfΓö£Γò¥llen.", "business_description_en": "XYZ Company is a small business that specializes in providing high-quality products and services to customers in the local community. With a team of experienced professionals, we are dedicated to delivering exceptional customer service and meeting the unique needs of our clients.\r\n\r\nOur product line includes a wide range of goods, including home appliances, electronic gadgets, clothing, and beauty products. We work with top-rated manufacturers and suppliers to ensure that our products are of the highest quality and meet the expectations of our customers.", "country": "Uganda", "country_ar": "Γò¬├║Γöÿ├¬Γò¬ΓòæΓöÿ├ÑΓò¬┬╗Γò¬┬║", "country_fr": "Ouganda", "country_de": "Uganda", "country_en": "Uganda", "country_code": "256", "country_code_ar": "256", "country_code_fr": "256", "country_code_de": "256", "country_code_en": "256", "city": "Kampala", "city_ar": "Γöÿ├óΓöÿ├áΓò¬┬┐Γò¬┬║Γöÿ├ñΓò¬┬║", "city_fr": "Kampala", "city_de": "Kampala", "city_en": "Kampala", "mobile_user": "0782047612", "mobile_user_ar": "0782047612", "mobile_user_fr": "0782047612", "mobile_user_de": "0782047612", "mobile_user_en": "0782047612", "vat_number": null, "legal_etity_identifier": null, "website": null, "customer_id": null, "image": "test/django.png", "team": []}}, {"model": "auth_app.supportprofile", "pk": 1, "fields": {"user": 1, "responses": 6}}]